time,tavg,tmin,tmax,prcp,snow,wdir,wspd,wpgt,pres,tsun
2021-01-01,23.1,15.5,,,,,,,,
2021-01-02,22.6,17.0,28.9,0.0,,89.0,3.5,,1013.2,
2021-01-03,22.2,14.7,28.5,0.0,,141.0,4.0,,1011.7,
2021-01-04,22.3,17.0,27.4,5.1,,66.0,4.3,,1011.7,
2021-01-05,23.3,19.7,27.2,1.0,,52.0,3.1,,1012.7,
2021-01-06,23.9,17.9,30.2,2.1,,72.0,3.6,,1012.2,
2021-01-07,23.4,18.0,28.4,2.9,,73.0,5.9,,1010.9,
2021-01-08,21.9,19.1,26.6,2.6,,76.0,3.8,,1010.0,
2021-01-09,23.9,19.3,28.4,4.6,,74.0,3.0,,1010.7,
2021-01-10,23.8,19.4,29.4,0.4,,79.0,4.4,,1011.6,
2021-01-11,23.5,18.1,30.1,0.0,,54.0,4.8,,1012.8,
2021-01-12,22.2,16.2,29.5,0.0,,74.0,4.8,,1013.6,
2021-01-13,22.8,15.9,30.0,0.0,,62.0,4.2,,1012.7,
2021-01-14,22.0,15.5,30.0,0.0,,32.0,3.5,,1012.4,
2021-01-15,22.8,15.0,31.2,0.0,,255.0,4.2,,1011.1,
2021-01-16,23.0,16.0,30.5,0.0,,30.0,2.9,,1009.9,
2021-01-17,24.4,16.7,31.0,0.0,,301.0,3.4,,1010.4,
2021-01-18,23.9,18.1,30.9,0.0,,344.0,3.2,,1011.9,
2021-01-19,23.4,16.6,29.9,0.0,,306.0,3.9,,1012.4,
2021-01-20,23.7,17.6,31.0,0.0,,282.0,4.3,,1013.1,
2021-01-21,22.2,13.9,31.9,0.0,,281.0,3.7,,1013.0,
2021-01-22,21.4,13.7,30.2,0.0,,30.0,3.7,,1012.6,
2021-01-23,22.6,13.9,31.2,0.0,,303.0,3.9,,1012.6,
2021-01-24,22.4,15.1,31.8,0.0,,298.0,4.5,,1013.3,
2021-01-25,21.2,13.6,30.4,0.0,,329.0,3.3,,1013.9,
2021-01-26,21.5,12.9,30.4,0.0,,313.0,3.6,,1013.3,
2021-01-27,21.2,12.5,30.4,0.0,,304.0,3.5,,1013.0,
2021-01-28,21.3,12.3,31.2,0.0,,300.0,3.9,,1013.2,
2021-01-29,20.5,12.7,29.6,0.0,,11.0,4.1,,1014.4,
2021-01-30,20.5,12.4,29.0,0.0,,12.0,4.1,,1014.3,
2021-01-31,21.6,13.0,29.1,0.0,,4.0,3.4,,1014.2,
2021-02-01,21.4,14.0,28.8,0.0,,67.0,5.6,,1016.3,
2021-02-02,20.2,13.4,29.0,0.0,,70.0,6.7,,1016.4,
2021-02-03,19.5,10.7,29.0,0.0,,64.0,3.5,,1015.4,
2021-02-04,18.8,10.3,28.7,0.0,,330.0,3.3,,1015.0,
2021-02-05,21.1,12.1,30.0,0.0,,341.0,4.7,,1014.1,
2021-02-06,20.1,11.3,29.0,0.0,,48.0,5.8,,1014.1,
2021-02-07,18.9,10.8,28.0,0.0,,55.0,6.2,,1015.5,
2021-02-08,18.9,9.6,28.6,0.0,,62.0,6.7,,1015.8,
2021-02-09,17.1,8.6,29.6,0.0,,51.0,4.1,,1014.6,
2021-02-10,20.5,9.2,31.2,0.0,,325.0,4.9,,1013.0,
2021-02-11,21.9,11.6,30.1,0.0,,19.0,5.6,,1012.3,
2021-02-12,22.5,15.8,30.7,0.0,,284.0,6.2,,1012.5,
2021-02-13,22.3,16.0,30.9,0.0,,257.0,5.5,,1013.4,
2021-02-14,22.9,13.2,31.0,0.0,,322.0,4.4,,1013.5,
2021-02-15,23.1,14.6,31.4,0.0,,289.0,5.1,,1012.4,
2021-02-16,23.6,14.9,30.5,0.0,,281.0,5.2,,1011.8,
2021-02-17,23.5,15.6,30.0,0.0,,352.0,4.1,,1011.3,
2021-02-18,21.9,16.7,30.8,1.2,,69.0,5.9,,1013.2,
2021-02-19,21.8,16.3,26.4,1.3,,85.0,9.2,,1016.1,
2021-02-20,21.0,14.5,28.4,0.0,,89.0,12.2,,1015.5,
2021-02-21,20.4,14.1,27.9,0.0,,79.0,9.1,,1015.2,
2021-02-22,22.9,15.1,29.8,0.8,,77.0,5.9,,1015.3,
2021-02-23,23.9,15.2,32.0,0.0,,0.0,3.7,,1013.6,
2021-02-24,24.7,15.3,32.8,0.0,,336.0,3.9,,1012.2,
2021-02-25,25.2,16.0,34.0,0.0,,308.0,4.2,,1012.4,
2021-02-26,25.2,16.4,34.8,0.0,,295.0,6.2,,1011.4,
2021-02-27,24.6,14.6,34.8,0.0,,305.0,4.2,,1010.3,
2021-02-28,26.3,14.4,35.1,0.0,,50.0,5.6,,1010.6,
2021-03-01,26.2,19.6,34.6,0.0,,358.0,4.7,,1012.9,
2021-03-02,25.8,16.0,34.8,0.0,,17.0,4.9,,1013.6,
2021-03-03,25.0,14.8,35.2,0.0,,58.0,5.6,,1012.4,
2021-03-04,25.5,14.7,35.2,0.0,,51.0,5.2,,1012.2,
2021-03-05,25.5,14.9,35.0,0.0,,23.0,5.1,,1013.2,
2021-03-06,25.9,14.6,35.4,0.0,,308.0,5.0,,1013.2,
2021-03-07,25.8,15.3,35.4,0.0,,292.0,5.3,,1012.3,
2021-03-08,25.6,14.9,35.7,0.0,,345.0,4.8,,1012.4,
2021-03-09,26.6,15.3,35.2,0.0,,27.0,5.5,,1012.4,
2021-03-10,27.4,17.9,35.4,0.0,,312.0,4.6,,1012.2,
2021-03-11,26.6,17.6,36.4,0.0,,291.0,5.7,,1012.1,
2021-03-12,26.5,16.8,35.6,0.0,,308.0,4.8,,1013.1,
2021-03-13,26.6,19.0,34.6,0.0,,46.0,5.5,,1013.5,
2021-03-14,27.2,18.0,35.4,0.0,,351.0,4.1,,1011.2,
2021-03-15,27.1,17.4,35.6,0.0,,318.0,4.5,,1010.5,
2021-03-16,27.2,17.4,35.4,0.0,,315.0,4.3,,1010.8,
2021-03-17,27.3,18.6,35.6,0.0,,330.0,4.6,,1009.7,
2021-03-18,27.5,18.4,35.6,0.0,,290.0,4.7,,1009.7,
2021-03-19,27.2,19.7,35.0,0.0,,303.0,6.0,,1010.5,
2021-03-20,26.6,18.0,34.1,0.0,,344.0,3.8,,1009.4,
2021-03-21,26.1,18.6,34.4,0.0,,120.0,4.9,,1009.4,
2021-03-22,26.0,18.4,34.4,0.0,,344.0,4.2,,1011.4,
2021-03-23,26.1,19.6,34.2,0.2,,72.0,5.7,,1012.5,
2021-03-24,28.2,20.0,35.1,0.0,,76.0,4.9,,1012.3,
2021-03-25,28.4,20.0,36.0,0.0,,358.0,5.2,,1011.1,
2021-03-26,28.2,17.1,36.6,0.0,,28.0,5.5,,1010.6,
2021-03-27,28.2,18.6,37.2,0.0,,25.0,6.0,,1009.7,
2021-03-28,28.8,18.0,37.5,0.0,,357.0,5.0,,1008.9,
2021-03-29,28.5,19.2,38.8,0.0,,284.0,4.9,,1008.6,
2021-03-30,27.2,19.4,35.6,0.0,,289.0,8.3,,1008.4,
2021-03-31,27.0,15.4,38.0,0.0,,279.0,7.4,,1007.3,
2021-04-01,27.0,18.8,36.0,0.0,,289.0,7.8,,1007.3,
2021-04-02,26.3,16.9,36.6,0.0,,277.0,7.5,,1007.4,
2021-04-03,26.4,17.9,37.4,0.0,,282.0,6.9,,1008.2,
2021-04-04,27.4,18.2,37.4,0.0,,294.0,5.9,,1009.9,
2021-04-05,28.8,20.9,38.7,0.0,,303.0,5.6,,1009.8,
2021-04-06,29.7,20.0,38.3,0.0,,331.0,5.5,,1009.6,
2021-04-07,29.3,19.7,38.8,0.0,,291.0,5.4,,1010.0,
2021-04-08,27.7,21.0,34.7,0.0,,275.0,5.1,,1009.1,
2021-04-09,28.4,20.5,36.9,0.0,,281.0,4.4,,1008.4,
2021-04-10,28.7,22.8,36.0,0.1,,287.0,3.8,,1009.9,
2021-04-11,29.4,22.0,35.8,0.0,,126.0,7.6,,1011.1,
2021-04-12,28.2,21.0,37.2,0.0,,358.0,4.5,,1012.1,
2021-04-13,28.4,21.8,34.7,0.0,,301.0,4.1,,1011.5,
2021-04-14,27.4,19.7,35.0,0.0,,40.0,4.3,,1011.1,
2021-04-15,26.1,17.1,34.5,5.1,,318.0,4.1,,1010.7,
2021-04-16,27.9,18.6,36.1,0.0,,288.0,6.5,,1010.0,
2021-04-17,28.2,19.0,36.6,0.0,,299.0,5.5,,1010.5,
2021-04-18,29.4,21.0,37.4,0.0,,294.0,5.4,,1011.1,
2021-04-19,28.8,22.3,36.0,0.0,,279.0,8.9,,1009.9,
2021-04-20,28.0,19.6,36.4,0.0,,274.0,8.7,,1008.9,
2021-04-21,27.4,19.8,35.9,0.0,,286.0,7.8,,1010.5,
2021-04-22,28.3,19.2,36.8,0.0,,309.0,5.8,,1010.5,
2021-04-23,28.2,20.9,36.4,0.0,,298.0,6.4,,1010.3,
2021-04-24,28.2,19.4,37.6,0.0,,291.0,5.2,,1009.8,
2021-04-25,29.2,20.0,37.9,0.0,,310.0,5.2,,1009.1,
2021-04-26,29.4,22.1,38.0,0.3,,282.0,6.4,,1008.6,
2021-04-27,27.0,21.6,37.8,0.0,,273.0,5.8,,1009.7,
2021-04-28,29.4,19.0,36.7,4.1,,287.0,5.5,,1010.5,
2021-04-29,27.8,21.9,38.1,0.0,,290.0,5.7,,1010.1,
2021-04-30,27.7,20.0,36.8,0.3,,294.0,5.0,,1009.1,
2021-05-01,28.2,20.0,34.4,0.3,,321.0,4.0,,1008.6,
2021-05-02,26.1,22.4,36.0,0.0,,308.0,4.1,,1009.4,
2021-05-03,27.2,19.7,35.5,26.9,,20.0,4.5,,1009.1,
2021-05-04,29.1,20.6,36.8,1.0,,287.0,4.7,,1008.3,
2021-05-05,30.3,21.5,37.6,0.0,,292.0,6.3,,1008.0,
2021-05-06,28.8,23.2,36.0,0.0,,267.0,5.9,,1008.7,
2021-05-07,29.3,23.4,36.3,0.3,,283.0,3.4,,1009.3,
2021-05-08,28.9,23.2,37.8,0.0,,268.0,3.4,,1008.6,
2021-05-09,29.0,24.3,36.8,0.4,,256.0,6.1,,1007.7,
2021-05-10,29.1,22.3,37.4,0.0,,274.0,7.1,,1007.3,
2021-05-11,28.3,22.1,35.3,0.1,,273.0,8.7,,1007.9,
2021-05-12,27.7,21.4,36.2,0.0,,277.0,9.4,,1006.6,
2021-05-13,27.9,21.8,34.4,0.1,,271.0,9.6,,1005.8,
2021-05-14,28.3,21.7,37.0,0.4,,295.0,4.3,,1004.1,
2021-05-15,30.0,24.8,36.8,0.5,,86.0,9.9,,1001.7,
2021-05-16,26.7,22.6,30.0,4.1,,92.0,20.5,,1000.5,
2021-05-17,24.8,22.1,27.2,7.9,,145.0,16.7,,1001.2,
2021-05-18,27.1,22.7,30.6,3.0,,227.0,15.5,,1004.6,
2021-05-19,25.4,22.5,30.4,0.0,,241.0,13.1,,1005.8,
2021-05-20,27.0,20.5,32.6,7.9,,279.0,7.3,,1007.5,
2021-05-21,26.3,22.6,35.0,0.0,,270.0,7.4,,1008.2,
2021-05-22,27.8,22.9,33.2,7.9,,272.0,9.2,,1007.8,
2021-05-23,27.6,23.4,33.9,0.0,,273.0,8.1,,1008.7,
2021-05-24,28.4,22.8,34.0,1.0,,282.0,9.7,,1009.3,
2021-05-25,27.8,23.1,34.0,0.0,,277.0,9.7,,1007.7,
2021-05-26,26.6,22.5,33.8,0.0,,269.0,14.1,,1006.6,
2021-05-27,26.4,22.6,32.8,0.1,,267.0,14.6,,1006.9,
2021-05-28,27.1,22.4,33.8,0.0,,264.0,11.3,,1007.3,
2021-05-29,26.5,22.5,34.2,0.7,,264.0,8.7,,1008.4,
2021-05-30,25.9,22.7,32.6,4.3,,263.0,6.7,,1008.4,
2021-05-31,25.7,23.0,32.2,2.5,,273.0,6.9,,1006.6,
2021-06-01,25.8,22.8,32.4,10.4,,265.0,5.8,,1006.8,
2021-06-02,25.9,22.3,34.8,11.4,,288.0,4.0,,1007.7,
2021-06-03,26.2,23.1,33.4,0.6,,296.0,3.6,,1008.5,
2021-06-04,24.8,22.2,31.4,4.7,,296.0,2.7,,1009.2,
2021-06-05,24.4,21.4,29.6,3.1,,290.0,2.9,,1008.6,
2021-06-06,25.5,20.5,30.4,24.9,,265.0,7.1,,1008.5,
2021-06-07,25.9,22.3,29.4,0.0,,254.0,8.9,,1009.1,
2021-06-08,24.7,22.2,30.0,2.8,,260.0,10.5,,1008.1,
2021-06-09,23.8,21.8,26.4,7.5,,268.0,11.7,,1007.2,
2021-06-10,24.1,22.4,28.4,2.2,,261.0,12.1,,1006.3,
2021-06-11,25.0,21.4,29.0,1.0,,256.0,15.1,,1005.7,
2021-06-12,25.5,23.2,27.6,0.3,,263.0,11.5,,1005.1,
2021-06-13,26.4,22.6,30.6,1.0,,263.0,12.5,,1005.1,
2021-06-14,26.9,23.3,31.8,0.5,,260.0,11.7,,1003.8,
2021-06-15,25.7,22.8,28.6,0.0,,255.0,11.0,,1002.7,
2021-06-16,25.1,21.4,27.2,4.1,,248.0,10.0,,1003.7,
2021-06-17,24.1,21.3,26.6,4.1,,249.0,10.4,,1004.9,
2021-06-18,23.5,21.3,26.2,16.0,,251.0,12.0,,1005.8,
2021-06-19,23.7,20.2,28.4,39.1,,254.0,12.6,,1007.7,
2021-06-20,24.8,21.8,28.0,7.1,,252.0,13.7,,1008.6,
2021-06-21,25.6,21.0,29.4,3.0,,259.0,11.0,,1008.8,
2021-06-22,25.9,22.2,29.8,0.8,,264.0,11.2,,1008.6,
2021-06-23,25.5,21.8,30.4,0.0,,261.0,10.6,,1008.2,
2021-06-24,24.6,22.4,26.4,0.0,,255.0,10.1,,1008.9,
2021-06-25,23.9,22.2,27.1,0.0,,262.0,11.5,,1007.8,
2021-06-26,25.6,21.8,29.6,2.0,,270.0,11.5,,1007.5,
2021-06-27,24.2,21.7,27.2,0.0,,273.0,9.1,,1009.1,
2021-06-28,25.1,21.3,30.7,3.0,,286.0,7.2,,1008.2,
2021-06-29,26.4,21.3,31.2,18.0,,264.0,7.3,,1007.6,
2021-06-30,26.2,22.3,31.0,0.0,,259.0,10.1,,1007.7,
2021-07-01,26.1,23.0,28.8,0.0,,260.0,11.2,,1006.3,
2021-07-02,26.1,22.3,30.0,0.5,,255.0,11.2,,1006.8,
2021-07-03,26.6,22.1,31.0,0.0,,260.0,10.2,,1007.7,
2021-07-04,25.6,22.5,32.0,0.7,,265.0,9.1,,1008.1,
2021-07-05,25.3,21.8,33.0,0.7,,271.0,7.7,,1007.9,
2021-07-06,25.4,21.6,30.8,2.1,,281.0,6.1,,1006.7,
2021-07-07,25.7,21.7,33.1,3.6,,270.0,7.9,,1006.6,
2021-07-08,25.5,23.2,30.0,0.0,,269.0,8.9,,1006.6,
2021-07-09,25.4,22.2,28.8,4.1,,270.0,8.9,,1004.9,
2021-07-10,25.5,21.9,28.6,0.5,,274.0,7.8,,1003.9,
2021-07-11,25.3,23.0,28.9,0.0,,261.0,7.5,,1002.6,
2021-07-12,25.4,22.9,29.2,0.3,,255.0,13.1,,1001.4,
2021-07-13,23.9,22.1,25.8,2.0,,259.0,11.2,,1003.0,
2021-07-14,24.6,21.9,27.8,3.0,,261.0,11.7,,1003.7,
2021-07-15,25.6,22.0,29.9,1.0,,264.0,10.8,,1002.5,
2021-07-16,25.1,22.6,27.4,1.0,,259.0,9.9,,1005.2,
2021-07-17,25.7,22.8,30.0,3.0,,259.0,9.6,,1006.9,
2021-07-18,24.6,22.4,27.6,0.5,,271.0,12.3,,1006.0,
2021-07-19,23.3,21.7,25.8,11.9,,270.0,14.1,,1005.6,
2021-07-20,24.3,20.1,26.6,11.9,,260.0,14.0,,1007.3,
2021-07-21,23.7,22.4,24.4,4.1,,259.0,17.5,,1005.9,
2021-07-22,24.1,21.0,25.0,17.0,,263.0,18.1,,1003.1,
2021-07-23,23.2,21.1,25.2,6.1,,259.0,13.6,,1003.2,
2021-07-24,25.3,20.8,28.0,80.0,,261.0,14.4,,1004.6,
2021-07-25,24.3,22.5,26.4,7.1,,259.0,14.7,,1005.4,
2021-07-26,23.9,22.5,26.1,9.9,,260.0,14.6,,1005.9,
2021-07-27,24.2,21.3,27.5,7.1,,256.0,15.3,,1005.4,
2021-07-28,24.6,20.4,27.2,4.1,,254.0,15.4,,1005.9,
2021-07-29,23.6,22.1,24.8,1.0,,255.0,14.9,,1007.0,
2021-07-30,23.6,22.2,24.4,5.1,,261.0,15.9,,1007.7,
2021-07-31,24.2,21.7,26.0,4.1,,265.0,19.5,,1008.3,
2021-08-01,24.2,21.9,26.6,0.5,,263.0,16.9,,1007.0,
2021-08-02,23.6,21.8,27.0,2.0,,261.0,15.8,,1007.3,
2021-08-03,24.1,21.7,27.0,5.1,,261.0,16.1,,1008.6,
2021-08-04,24.3,22.0,27.8,2.0,,261.0,15.6,,1008.6,
2021-08-05,24.9,21.7,27.8,4.1,,262.0,15.9,,1006.9,
2021-08-06,25.4,21.8,29.2,0.3,,265.0,13.9,,1006.3,
2021-08-07,24.6,22.4,26.6,0.0,,265.0,10.4,,1007.2,
2021-08-08,25.4,20.8,30.0,0.0,,258.0,8.0,,1008.4,
2021-08-09,25.7,21.4,30.0,0.0,,254.0,9.0,,1009.3,
2021-08-10,24.0,21.7,27.2,1.1,,261.0,9.5,,1009.6,
2021-08-11,24.4,20.4,29.7,1.5,,264.0,10.2,,1009.5,
2021-08-12,23.0,20.7,26.7,0.0,,268.0,9.8,,1010.3,
2021-08-13,24.3,19.5,28.8,2.0,,270.0,10.1,,1009.1,
2021-08-14,23.2,21.1,25.9,0.5,,265.0,10.7,,1007.4,
2021-08-15,23.1,20.9,26.2,5.1,,263.0,9.8,,1007.7,
2021-08-16,23.6,20.6,26.2,1.0,,270.0,7.5,,1008.7,
2021-08-17,23.0,21.8,25.6,1.0,,273.0,7.5,,1008.9,
2021-08-18,23.2,21.3,26.0,3.0,,265.0,9.3,,1007.2,
2021-08-19,23.2,21.1,25.0,1.0,,263.0,10.0,,1007.0,
2021-08-20,24.0,21.4,26.2,0.8,,265.0,7.3,,1007.5,
2021-08-21,23.0,21.6,25.4,5.1,,260.0,9.4,,1008.6,
2021-08-22,24.2,20.9,28.6,3.0,,263.0,7.8,,1009.1,
2021-08-23,25.3,19.4,30.0,0.3,,262.0,6.2,,1008.8,
2021-08-24,25.6,21.0,31.0,0.0,,263.0,6.9,,1008.7,
2021-08-25,24.1,20.9,29.0,1.2,,262.0,8.0,,1007.8,
2021-08-26,23.5,21.0,27.8,2.7,,263.0,9.0,,1006.5,
2021-08-27,23.7,20.0,27.9,1.2,,272.0,7.4,,1006.0,
2021-08-28,25.0,21.2,29.0,0.0,,278.0,6.3,,1004.9,
2021-08-29,23.5,20.2,29.0,0.4,,274.0,7.3,,1004.7,
2021-08-30,23.3,21.1,27.0,2.1,,274.0,9.1,,1006.1,
2021-08-31,23.2,21.3,25.1,2.0,,270.0,9.6,,1006.1,
2021-09-01,24.7,21.7,27.6,2.0,,256.0,10.1,,1007.0,
2021-09-02,24.6,21.4,28.4,0.3,,253.0,9.3,,1007.1,
2021-09-03,25.0,20.7,29.4,0.0,,248.0,8.9,,1006.6,
2021-09-04,25.3,21.2,30.8,0.0,,268.0,8.4,,1006.9,
2021-09-05,23.4,21.6,25.7,16.0,,277.0,8.2,,1006.9,
2021-09-06,25.2,21.6,30.2,2.0,,283.0,7.6,,1006.4,
2021-09-07,24.4,21.5,26.6,20.1,,299.0,4.8,,1004.4,
2021-09-08,24.9,22.2,28.1,2.0,,252.0,13.0,,1004.1,
2021-09-09,23.4,22.0,25.8,2.0,,258.0,13.9,,1007.5,
2021-09-10,24.2,20.9,27.0,8.9,,257.0,12.8,,1007.6,
2021-09-11,24.6,21.5,28.2,3.0,,254.0,11.0,,1005.6,
2021-09-12,24.8,22.3,28.0,8.9,,255.0,12.5,,1003.6,
2021-09-13,24.5,22.0,27.6,5.1,,255.0,13.9,,1002.8,
2021-09-14,24.8,21.1,27.6,4.1,,258.0,14.4,,1004.0,
2021-09-15,24.7,20.5,28.2,1.0,,244.0,11.4,,1005.6,
2021-09-16,24.7,20.9,28.2,0.3,,248.0,10.9,,1006.8,
2021-09-17,24.2,20.7,27.6,0.0,,258.0,8.8,,1007.3,
2021-09-18,24.0,19.5,28.4,0.0,,252.0,8.8,,1008.9,
2021-09-19,25.0,20.5,29.4,0.0,,251.0,8.5,,1010.6,
2021-09-20,23.8,21.5,28.7,4.2,,264.0,8.3,,1010.0,
2021-09-21,23.3,21.7,26.3,5.1,,271.0,9.3,,1008.8,
2021-09-22,23.3,21.6,26.4,4.8,,270.0,9.5,,1007.1,
2021-09-23,23.3,21.1,25.9,5.2,,263.0,7.7,,1007.4,
2021-09-24,24.8,21.2,28.0,0.5,,272.0,7.1,,1008.2,
2021-09-25,24.6,20.5,29.4,0.3,,272.0,7.1,,1008.3,
2021-09-26,24.3,20.8,28.0,0.0,,281.0,6.0,,1006.8,
2021-09-27,24.4,21.3,28.0,1.0,,279.0,7.1,,1005.3,
2021-09-28,23.8,22.0,27.0,0.3,,265.0,9.2,,1004.8,
2021-09-29,24.1,21.3,28.6,2.0,,235.0,10.1,,1006.3,
2021-09-30,24.9,21.3,29.2,2.0,,236.0,7.3,,1009.3,
2021-10-01,26.3,20.0,31.2,0.5,,327.0,3.1,,1009.9,
2021-10-02,25.6,22.2,30.6,19.1,,36.0,3.5,,1009.6,
2021-10-03,25.6,21.1,29.9,0.0,,34.0,3.3,,1009.3,
2021-10-04,25.6,20.9,32.6,19.1,,315.0,2.7,,1008.4,
2021-10-05,26.6,21.4,31.8,30.0,,23.0,3.3,,1009.0,
2021-10-06,25.2,21.5,31.9,0.0,,56.0,4.0,,1008.3,
2021-10-07,26.3,21.3,30.8,16.0,,84.0,5.6,,1007.3,
2021-10-08,25.7,22.5,32.0,0.0,,251.0,2.8,,1008.2,
2021-10-09,24.4,21.1,29.2,0.0,,269.0,4.0,,1009.5,
2021-10-10,24.2,19.7,28.6,55.1,,307.0,3.3,,1009.6,
2021-10-11,25.7,20.0,31.4,0.5,,336.0,3.1,,1008.0,
2021-10-12,25.9,20.9,32.0,0.0,,56.0,3.4,,1007.5,
2021-10-13,24.8,19.8,32.2,0.1,,58.0,3.7,,1007.4,
2021-10-14,24.8,19.7,32.2,0.0,,34.0,3.4,,1007.2,
2021-10-15,24.8,20.0,32.0,0.0,,34.0,3.6,,1005.1,
2021-10-16,24.7,19.8,31.8,0.0,,343.0,2.8,,1004.3,
2021-10-17,24.6,20.2,30.2,0.3,,282.0,4.7,,1005.1,
2021-10-18,23.5,19.8,29.8,0.1,,273.0,9.2,,1008.3,
2021-10-19,23.2,19.3,29.2,0.0,,281.0,6.1,,1011.5,
2021-10-20,23.5,17.9,31.4,0.0,,336.0,2.7,,1013.7,
2021-10-21,23.7,17.8,31.2,0.0,,28.0,3.5,,1014.0,
2021-10-22,23.2,17.6,31.5,0.0,,0.0,2.7,,1013.8,
2021-10-23,23.1,16.4,31.8,0.0,,330.0,3.3,,1014.0,
2021-10-24,22.8,16.8,29.8,0.0,,294.0,3.3,,1014.4,
2021-10-25,22.8,17.2,30.0,0.0,,348.0,3.3,,1013.4,
2021-10-26,23.5,18.0,31.0,0.0,,24.0,4.0,,1012.1,
2021-10-27,22.8,16.4,30.2,0.0,,57.0,5.6,,1012.9,
2021-10-28,22.7,15.9,29.6,0.0,,62.0,6.6,,1013.2,
2021-10-29,22.5,16.0,30.4,0.0,,49.0,6.0,,1014.3,
2021-10-30,22.6,15.0,29.9,0.0,,49.0,5.7,,1014.8,
2021-10-31,23.7,16.8,31.4,0.0,,35.0,4.3,,1013.8,
2021-11-01,24.2,18.2,32.0,0.0,,32.0,4.0,,1012.2,
2021-11-02,24.3,18.3,31.1,0.0,,66.0,5.4,,1011.8,
2021-11-03,24.2,18.0,29.6,0.8,,75.0,6.3,,1012.1,
2021-11-04,24.4,19.7,30.7,0.6,,79.0,6.2,,1011.7,
2021-11-05,25.3,19.1,30.8,4.1,,72.0,5.7,,1011.3,
2021-11-06,25.4,20.8,30.8,0.0,,72.0,6.2,,1010.4,
2021-11-07,23.3,19.6,29.3,2.0,,81.0,6.4,,1010.6,
2021-11-08,21.7,16.5,30.0,0.0,,72.0,5.9,,1012.1,
2021-11-09,21.5,13.7,30.0,0.0,,67.0,6.3,,1013.0,
2021-11-10,21.0,12.8,29.6,0.0,,66.0,6.2,,1012.5,
2021-11-11,21.1,11.4,30.4,0.0,,64.0,6.1,,1010.9,
2021-11-12,22.3,12.6,30.2,0.0,,52.0,5.4,,1010.4,
2021-11-13,24.2,17.0,30.8,0.0,,34.0,5.1,,1010.0,
2021-11-14,25.1,19.4,30.8,0.8,,25.0,4.6,,1009.5,
2021-11-15,25.2,19.9,31.0,0.2,,39.0,4.2,,1008.2,
2021-11-16,25.1,21.3,31.1,11.3,,76.0,7.6,,1008.1,
2021-11-17,24.7,21.5,28.4,7.1,,96.0,9.3,,1009.6,
2021-11-18,25.2,21.4,30.4,0.0,,81.0,6.1,,1009.2,
2021-11-19,24.0,18.9,29.9,0.0,,80.0,6.1,,1007.5,
2021-11-20,24.4,20.9,29.0,4.1,,77.0,8.2,,1006.8,
2021-11-21,24.4,22.0,27.8,2.0,,74.0,7.4,,1009.7,
2021-11-22,25.5,21.6,30.0,0.8,,351.0,2.4,,1012.1,
2021-11-23,26.8,20.4,32.2,0.0,,47.0,3.2,,1011.7,
2021-11-24,25.0,20.4,32.0,0.1,,69.0,5.1,,1011.7,
2021-11-25,24.3,18.9,31.8,0.0,,63.0,4.0,,1012.5,
2021-11-26,23.3,18.0,31.0,0.0,,57.0,3.9,,1013.0,
2021-11-27,22.4,17.0,30.6,0.0,,62.0,4.6,,1013.2,
2021-11-28,20.9,15.0,28.6,0.0,,76.0,6.4,,1014.1,
2021-11-29,20.4,13.3,27.0,0.0,,70.0,6.9,,1014.6,
2021-11-30,21.9,17.8,26.4,1.6,,82.0,8.2,,1013.9,
2021-12-01,17.7,16.6,20.7,1.0,,54.0,7.1,,1013.4,
2021-12-02,18.7,15.5,23.1,74.9,,108.0,7.5,,1012.1,
2021-12-03,21.6,18.9,24.6,0.3,,66.0,2.9,,1012.9,
2021-12-04,20.2,17.6,25.0,7.9,,63.0,3.8,,1013.7,
2021-12-05,20.7,15.6,26.8,0.5,,291.0,2.5,,1014.0,
2021-12-06,21.1,14.6,28.0,0.0,,48.0,2.6,,1013.7,
2021-12-07,20.7,15.6,27.8,0.0,,71.0,5.7,,1014.2,
2021-12-08,20.5,15.2,27.8,0.0,,65.0,4.5,,1014.4,
2021-12-09,21.1,15.8,27.8,0.0,,56.0,4.3,,1015.7,
2021-12-10,21.0,15.4,28.4,0.0,,67.0,5.1,,1016.3,
2021-12-11,20.7,15.2,28.2,0.0,,66.0,4.9,,1016.0,
2021-12-12,20.5,15.0,27.8,0.0,,72.0,5.0,,1016.1,
2021-12-13,20.8,14.9,27.8,0.0,,43.0,3.6,,1015.1,
2021-12-14,20.8,15.1,27.2,0.0,,355.0,3.2,,1014.3,
2021-12-15,20.7,15.8,27.2,0.0,,309.0,2.7,,1014.5,
2021-12-16,21.3,16.4,28.4,0.1,,60.0,3.1,,1015.2,
2021-12-17,20.4,15.6,28.2,0.0,,64.0,4.0,,1016.0,
2021-12-18,19.5,13.8,27.6,0.0,,51.0,3.9,,1016.1,
2021-12-19,18.4,12.7,26.8,0.0,,77.0,5.5,,1017.0,
2021-12-20,18.5,12.2,26.6,0.0,,70.0,4.7,,1016.8,
2021-12-21,19.3,12.0,27.7,0.0,,5.0,2.2,,1016.2,
2021-12-22,19.8,12.8,28.3,0.0,,328.0,2.9,,1014.5,
2021-12-23,20.5,13.3,30.8,0.0,,272.0,3.0,,1013.7,
2021-12-24,20.6,13.8,30.2,0.0,,273.0,4.2,,1013.7,
2021-12-25,20.1,14.0,30.0,0.0,,301.0,2.6,,1014.4,
2021-12-26,20.3,12.4,29.8,0.0,,350.0,2.2,,1015.5,
2021-12-27,20.7,14.0,28.8,0.0,,50.0,2.7,,1015.7,
2021-12-28,20.9,15.4,30.4,0.0,,266.0,4.4,,1014.4,
2021-12-29,19.1,13.7,27.4,0.0,,21.0,6.7,,1014.7,
2021-12-30,19.0,13.8,26.2,0.0,,77.0,6.5,,1016.8,
2021-12-31,19.9,14.8,26.4,0.0,,76.0,6.1,,1017.8,
2022-01-01,20.3,14.0,27.8,0.0,,58.0,4.5,,1017.9,
2022-01-02,20.8,15.8,27.4,0.2,,62.0,3.8,,1016.4,
2022-01-03,20.9,15.0,28.8,0.0,,60.0,4.0,,1015.5,
2022-01-04,20.8,15.5,27.4,0.0,,69.0,4.0,,1015.5,
2022-01-05,20.6,14.6,30.2,0.0,,201.0,3.1,,1014.8,
2022-01-06,20.7,14.8,28.8,0.0,,281.0,3.5,,1013.8,
2022-01-07,20.4,15.2,28.6,0.0,,251.0,5.3,,1013.5,
2022-01-08,20.0,13.9,30.0,0.0,,256.0,4.6,,1014.1,
2022-01-09,20.7,14.6,27.0,0.0,,305.0,4.0,,1013.7,
2022-01-10,18.2,12.0,27.5,0.0,,313.0,3.9,,1013.9,
2022-01-11,17.6,12.6,26.4,0.0,,294.0,4.3,,1014.0,
2022-01-12,17.3,12.1,24.6,0.0,,8.0,4.2,,1013.8,
2022-01-13,17.6,11.4,25.0,0.3,,340.0,4.4,,1013.1,
2022-01-14,18.3,13.3,25.6,0.0,,330.0,2.6,,1013.1,
2022-01-15,18.6,12.8,25.8,0.0,,42.0,5.1,,1014.2,
2022-01-16,19.1,12.8,26.5,0.0,,95.0,5.5,,1015.5,
2022-01-17,20.3,15.2,26.6,0.3,,46.0,4.4,,1017.1,
2022-01-18,20.7,14.4,28.5,0.0,,23.0,3.4,,1016.3,
2022-01-19,20.8,13.6,30.0,0.0,,29.0,2.7,,1014.9,
2022-01-20,20.5,13.0,31.2,0.0,,285.0,5.5,,1012.4,
2022-01-21,20.4,11.8,31.0,0.0,,283.0,5.5,,1012.2,
2022-01-22,19.8,14.4,25.6,0.1,,269.0,10.7,,1010.8,
2022-01-23,18.5,12.3,22.8,0.5,,277.0,10.0,,1011.1,
2022-01-24,16.0,8.8,23.8,0.0,,323.0,4.1,,1012.3,
2022-01-25,16.4,9.7,24.8,0.0,,10.0,4.1,,1012.5,
2022-01-26,17.5,10.2,25.4,0.0,,34.0,4.8,,1013.5,
2022-01-27,17.9,11.1,25.9,0.0,,50.0,5.9,,1014.0,
2022-01-28,18.0,10.8,26.2,0.0,,66.0,5.8,,1015.0,
2022-01-29,18.4,10.0,27.6,0.0,,65.0,5.0,,1015.8,
2022-01-30,19.9,10.4,30.1,0.0,,348.0,3.3,,1014.1,
2022-01-31,20.6,12.0,31.8,0.0,,298.0,4.0,,1013.5,
2022-02-01,20.8,11.2,31.8,0.0,,329.0,3.4,,1012.0,
2022-02-02,21.6,11.6,31.8,0.0,,293.0,3.7,,1012.0,
2022-02-03,20.2,12.2,29.9,0.0,,266.0,8.4,,1011.2,
2022-02-04,19.0,13.2,27.4,0.0,,284.0,5.2,,1011.3,
2022-02-05,19.8,11.4,29.0,0.0,,343.0,3.4,,1011.8,
2022-02-06,20.8,12.3,30.2,0.0,,340.0,4.9,,1013.8,
2022-02-07,21.4,14.0,31.6,0.0,,283.0,4.2,,1014.3,
2022-02-08,20.9,14.1,31.6,0.0,,274.0,5.4,,1013.2,
2022-02-09,19.6,13.1,28.8,0.0,,288.0,5.4,,1013.0,
2022-02-10,20.6,13.4,28.8,0.0,,53.0,5.1,,1013.5,
2022-02-11,20.9,13.4,28.9,0.0,,61.0,6.4,,1013.7,
2022-02-12,21.3,13.2,29.5,0.0,,31.0,4.9,,1013.0,
2022-02-13,22.1,14.2,30.8,0.0,,45.0,4.2,,1011.2,
2022-02-14,21.8,14.6,30.6,0.0,,286.0,5.5,,1011.0,
2022-02-15,21.3,12.8,30.4,0.0,,303.0,5.2,,1011.2,
2022-02-16,20.9,13.5,30.0,0.0,,279.0,5.0,,1009.5,
2022-02-17,21.6,13.7,30.6,0.0,,249.0,5.4,,1008.2,
2022-02-18,22.4,14.6,32.0,0.0,,253.0,4.1,,1009.5,
2022-02-19,23.7,15.6,32.1,0.0,,286.0,4.5,,1011.7,
2022-02-20,23.5,13.8,33.4,0.0,,289.0,5.4,,1011.3,
2022-02-21,23.0,12.2,33.4,0.0,,323.0,3.7,,1010.6,
2022-02-22,24.4,13.6,34.0,0.0,,16.0,3.3,,1011.5,
2022-02-23,24.8,15.8,34.4,0.0,,298.0,3.8,,1013.3,
2022-02-24,25.3,17.4,34.0,0.0,,316.0,4.8,,1014.3,
2022-02-25,24.9,16.8,33.4,0.0,,351.0,4.2,,1013.8,
2022-02-26,25.0,15.4,33.2,0.0,,347.0,4.8,,1013.3,
2022-02-27,24.8,17.6,33.8,0.0,,338.0,4.6,,1013.9,
2022-02-28,24.6,15.0,32.8,0.0,,334.0,6.1,,1013.5,
2022-03-01,24.9,15.6,33.6,0.0,,354.0,4.2,,1013.4,
2022-03-02,25.1,16.0,34.0,0.0,,48.0,4.7,,1012.9,
2022-03-03,25.7,18.6,34.8,0.0,,357.0,4.9,,1012.3,
2022-03-04,25.8,17.6,34.2,0.0,,350.0,5.1,,1012.7,
2022-03-05,25.7,16.8,34.2,0.0,,8.0,4.4,,1012.0,
2022-03-06,25.9,17.0,33.4,0.0,,355.0,4.3,,1011.0,
2022-03-07,26.3,17.6,33.0,0.0,,204.0,4.3,,1011.0,
2022-03-08,26.7,19.8,33.5,0.0,,17.0,5.2,,1011.3,
2022-03-09,25.7,19.7,33.1,0.0,,42.0,5.4,,1011.8,
2022-03-10,25.1,18.6,32.4,0.0,,73.0,4.1,,1011.6,
2022-03-11,25.4,18.4,33.2,1.1,,59.0,3.9,,1011.5,
2022-03-12,25.7,18.2,32.8,0.0,,35.0,3.1,,1011.3,
2022-03-13,26.3,17.2,34.4,0.0,,42.0,5.0,,1011.2,
2022-03-14,26.6,16.0,35.0,0.0,,25.0,5.5,,1011.6,
2022-03-15,27.4,15.8,36.0,0.0,,31.0,5.3,,1010.0,
2022-03-16,28.1,17.0,37.0,0.0,,3.0,4.6,,1008.9,
2022-03-17,28.9,18.0,37.6,0.0,,33.0,5.1,,1007.8,
2022-03-18,29.1,18.2,38.4,0.0,,320.0,4.9,,1006.8,
2022-03-19,28.5,20.0,38.0,0.0,,302.0,6.2,,1006.4,
2022-03-20,27.6,20.9,36.4,0.0,,285.0,6.6,,1007.1,
2022-03-21,27.3,20.2,35.8,0.0,,315.0,5.5,,1008.2,
2022-03-22,29.0,20.8,37.3,0.0,,5.0,5.4,,1007.9,
2022-03-23,29.0,19.2,36.9,0.0,,29.0,5.7,,1007.4,
2022-03-24,28.6,23.8,37.0,0.0,,304.0,6.1,,1007.5,
2022-03-25,27.3,20.9,36.0,0.0,,273.0,5.8,,1009.1,
2022-03-26,28.8,23.2,37.3,0.0,,277.0,5.7,,1010.7,
2022-03-27,29.1,20.3,37.9,0.0,,336.0,5.1,,1010.7,
2022-03-28,29.7,21.0,38.8,0.0,,325.0,5.5,,1010.1,
2022-03-29,30.2,20.8,39.2,0.0,,319.0,6.4,,1008.8,
2022-03-30,29.7,19.0,38.6,0.0,,291.0,6.7,,1008.7,
2022-03-31,28.4,17.2,38.2,0.0,,291.0,7.7,,1009.4,
2022-04-01,28.2,15.6,39.0,0.0,,290.0,5.0,,1009.2,
2022-04-02,28.5,16.8,39.4,0.0,,311.0,6.1,,1009.8,
2022-04-03,29.0,19.9,38.6,0.0,,326.0,6.1,,1009.3,
2022-04-04,29.1,21.0,39.1,0.0,,306.0,5.7,,1009.6,
2022-04-05,30.4,21.3,39.3,0.0,,289.0,6.8,,1011.2,
2022-04-06,29.9,22.6,40.0,0.0,,296.0,6.7,,1011.6,
2022-04-07,29.9,20.9,39.7,0.0,,266.0,6.1,,1010.3,
2022-04-08,30.0,21.2,39.0,0.0,,262.0,6.1,,1008.8,
2022-04-09,29.5,21.6,39.1,0.0,,280.0,8.0,,1008.5,
2022-04-10,29.3,21.4,38.0,0.0,,279.0,8.5,,1008.4,
2022-04-11,29.6,21.2,38.5,0.0,,275.0,6.1,,1007.6,
2022-04-12,30.1,21.7,38.2,0.0,,283.0,4.7,,1006.6,
2022-04-13,30.7,22.2,38.5,0.0,,300.0,4.5,,1006.0,
2022-04-14,30.1,22.0,38.6,0.0,,283.0,7.7,,1006.5,
2022-04-15,28.8,21.0,37.2,0.0,,272.0,8.3,,1007.4,
2022-04-16,30.2,20.2,39.4,0.0,,291.0,6.6,,1006.5,
2022-04-17,29.9,21.9,39.2,0.0,,270.0,7.2,,1007.2,
2022-04-18,29.8,22.5,38.8,0.0,,278.0,8.1,,1009.4,
2022-04-19,30.1,21.6,37.7,0.0,,300.0,7.1,,1010.5,
2022-04-20,31.4,24.2,39.6,0.0,,296.0,5.9,,1008.5,
2022-04-21,28.7,23.8,37.6,0.0,,329.0,4.8,,1007.3,
2022-04-22,30.9,21.7,39.4,0.0,,69.0,5.2,,1008.1,
2022-04-23,30.7,21.6,38.8,0.0,,278.0,4.8,,1008.9,
2022-04-24,29.6,23.5,37.1,0.0,,295.0,6.1,,1008.7,
2022-04-25,31.1,21.7,39.1,0.0,,279.0,5.0,,1007.4,
2022-04-26,31.6,23.3,40.1,0.0,,309.0,4.7,,1007.6,
2022-04-27,31.8,21.1,41.3,0.0,,12.0,4.4,,1006.6,
2022-04-28,32.3,21.3,41.8,0.0,,284.0,5.5,,1007.3,
2022-04-29,31.8,25.4,40.7,0.0,,284.0,8.2,,1008.7,
2022-04-30,30.7,21.6,38.6,0.0,,285.0,8.1,,1007.3,
2022-05-01,30.3,21.6,38.4,0.0,,284.0,9.7,,1006.3,
2022-05-02,29.7,22.6,37.9,0.0,,271.0,10.1,,1006.7,
2022-05-03,29.3,20.7,37.8,0.0,,279.0,9.0,,1007.5,
2022-05-04,30.2,22.0,38.4,0.0,,293.0,6.6,,1008.2,
2022-05-05,30.4,22.1,39.6,0.0,,294.0,7.1,,1007.7,
2022-05-06,30.3,19.9,39.3,0.0,,287.0,7.0,,1007.3,
2022-05-07,30.6,20.4,39.6,0.0,,288.0,8.3,,1006.7,
2022-05-08,31.4,21.4,40.7,0.0,,293.0,7.7,,1004.9,
2022-05-09,30.9,26.1,38.6,0.0,,272.0,10.9,,1003.9,
2022-05-10,29.9,25.7,37.7,0.2,,278.0,12.6,,1003.9,
2022-05-11,28.4,23.1,35.4,0.2,,268.0,11.3,,1003.7,
2022-05-12,28.2,25.6,33.7,0.0,,266.0,13.0,,1005.1,
2022-05-13,29.3,23.7,36.7,0.0,,266.0,12.3,,1004.8,
2022-05-14,29.3,24.1,37.1,0.0,,269.0,11.8,,1005.1,
2022-05-15,29.8,23.2,37.6,0.0,,274.0,11.2,,1006.1,
2022-05-16,31.4,24.2,40.8,0.0,,289.0,8.8,,1005.3,
2022-05-17,30.0,24.3,38.1,0.0,,278.0,9.4,,1004.7,
2022-05-18,29.8,22.9,38.1,0.0,,276.0,8.7,,1004.7,
2022-05-19,29.3,24.6,38.0,0.1,,281.0,8.2,,1005.5,
2022-05-20,27.3,24.3,32.6,0.8,,266.0,12.9,,1006.5,
2022-05-21,28.4,24.3,34.6,0.0,,262.0,16.0,,1006.4,
2022-05-22,28.7,24.2,34.6,0.0,,261.0,17.2,,1004.6,
2022-05-23,28.7,24.9,34.7,0.0,,266.0,18.6,,1004.0,
2022-05-24,29.0,24.9,35.2,0.0,,266.0,13.8,,1006.7,
2022-05-25,29.0,22.5,36.2,0.0,,273.0,10.6,,1008.6,
2022-05-26,29.5,23.1,36.1,,,,,,,
2022-05-27,28.5,22.9,35.1,,,,,,,
2022-05-28,28.1,23.0,34.4,0.0,,268.0,12.2,,1007.5,
2022-05-29,28.3,23.2,34.9,0.0,,268.0,13.7,,1007.5,
2022-05-30,28.5,23.0,35.6,0.0,,272.0,11.4,,1007.0,
2022-05-31,29.3,23.4,37.2,0.5,,277.0,12.2,,1006.0,
2022-06-01,28.4,24.8,34.6,0.0,,281.0,9.7,,1006.4,
2022-06-02,29.2,24.3,35.7,1.8,,275.0,11.4,,1006.5,
2022-06-03,29.3,23.6,36.9,0.5,,275.0,10.8,,1006.2,
2022-06-04,29.8,23.8,36.7,0.3,,277.0,9.1,,1005.9,
2022-06-05,30.3,23.2,38.4,0.4,,274.0,9.6,,1005.7,
2022-06-06,28.9,24.8,35.1,12.3,,261.0,8.0,,1006.8,
2022-06-07,28.8,24.8,34.4,0.0,,271.0,9.6,,1006.7,
2022-06-08,29.1,24.8,35.6,2.1,,268.0,10.2,,1006.6,
2022-06-09,27.3,23.1,35.3,0.0,,273.0,6.7,,1005.6,
2022-06-10,27.3,22.8,36.0,0.3,,255.0,5.6,,1005.6,
2022-06-11,26.3,23.8,31.5,25.9,,248.0,9.8,,1006.4,
2022-06-12,27.6,23.6,32.9,2.0,,231.0,10.1,,1006.4,
2022-06-13,28.4,23.7,34.5,0.0,,238.0,9.9,,1007.5,
2022-06-14,27.9,23.5,34.3,0.6,,250.0,9.6,,1007.6,
2022-06-15,28.5,23.0,34.5,1.0,,257.0,11.3,,1006.7,
2022-06-16,28.1,23.5,34.4,1.5,,256.0,10.3,,1006.5,
2022-06-17,27.8,23.7,33.0,0.0,,252.0,9.9,,1006.0,
2022-06-18,27.8,23.9,34.2,0.0,,250.0,10.1,,1006.1,
2022-06-19,27.2,23.4,32.3,0.0,,249.0,11.4,,1006.8,
2022-06-20,25.1,23.7,28.1,8.0,,250.0,11.6,,1005.8,
2022-06-21,25.7,22.6,29.3,0.7,,244.0,10.9,,1004.1,
2022-06-22,26.3,22.9,31.8,5.7,,248.0,6.0,,1004.9,
2022-06-23,25.6,22.7,30.6,2.0,,288.0,3.5,,1006.0,
2022-06-24,26.1,22.6,30.9,2.0,,227.0,5.9,,1004.6,
2022-06-25,26.8,23.6,31.8,0.5,,219.0,7.9,,1002.3,
2022-06-26,26.7,24.3,31.4,0.0,,216.0,8.3,,1002.4,
2022-06-27,24.9,22.1,29.1,0.0,,243.0,10.6,,1004.7,
2022-06-28,25.0,22.5,29.5,1.0,,253.0,10.1,,1005.8,
2022-06-29,27.0,23.2,32.7,0.3,,250.0,10.4,,1004.5,
2022-06-30,25.8,22.0,31.4,0.0,,253.0,11.9,,1004.2,
2022-07-01,24.9,21.8,27.7,7.9,,257.0,11.6,,1005.0,
2022-07-02,24.7,22.8,29.1,5.1,,251.0,12.5,,1003.8,
2022-07-03,25.3,22.7,30.4,3.0,,252.0,11.5,,1003.6,
2022-07-04,24.2,21.9,30.0,3.0,,248.0,11.6,,1003.5,
2022-07-05,24.3,21.9,28.1,7.9,,260.0,12.5,,1001.9,
2022-07-06,23.8,22.1,25.8,20.1,,255.0,11.4,,1003.4,
2022-07-07,23.6,22.1,25.6,16.0,,257.0,12.6,,1006.3,
2022-07-08,24.0,22.3,27.2,14.0,,263.0,12.7,,1005.6,
2022-07-09,23.4,22.2,26.3,10.9,,263.0,12.7,,1004.2,
2022-07-10,23.6,22.2,25.9,20.1,,262.0,13.3,,1005.1,
2022-07-11,23.0,21.8,25.9,0.0,,263.0,14.0,,1006.4,
2022-07-12,22.8,21.2,24.2,46.0,,263.0,15.0,,1005.9,
2022-07-13,22.4,20.2,23.1,49.0,,268.0,16.1,,1003.0,
2022-07-14,23.4,21.3,25.8,54.1,,260.0,15.7,,1000.2,
2022-07-15,23.7,21.4,25.6,15.0,,254.0,14.6,,1001.1,
2022-07-16,24.6,21.8,27.5,0.0,,246.0,13.4,,1002.3,
2022-07-17,24.1,22.2,27.6,7.8,,265.0,11.8,,1005.1,
2022-07-18,23.6,22.4,24.9,2.0,,260.0,11.9,,1005.9,
2022-07-19,24.3,21.9,28.6,0.0,,262.0,11.7,,1006.6,
2022-07-20,24.4,21.5,28.1,0.3,,265.0,11.0,,1007.6,
2022-07-21,24.4,21.7,28.6,0.0,,270.0,10.5,,1007.9,
2022-07-22,25.0,21.9,28.8,0.0,,269.0,10.6,,1008.3,
2022-07-23,23.7,21.5,27.1,0.0,,259.0,12.5,,1006.7,
2022-07-24,23.8,21.3,25.9,5.1,,259.0,10.8,,1006.1,
2022-07-25,24.6,21.9,28.6,1.0,,259.0,9.3,,1007.6,
2022-07-26,24.1,21.9,26.8,4.1,,261.0,7.6,,1009.1,
2022-07-27,24.3,21.6,31.3,1.0,,288.0,4.7,,1009.1,
2022-07-28,26.8,21.4,32.4,50.0,,311.0,3.0,,1009.5,
2022-07-29,25.7,23.4,31.5,3.0,,326.0,3.4,,1009.2,
2022-07-30,26.2,23.1,31.2,0.0,,291.0,5.0,,1008.3,
2022-07-31,24.6,20.7,31.6,0.6,,275.0,7.3,,1006.8,
2022-08-01,25.8,21.9,31.2,1.1,,272.0,8.7,,1006.8,
2022-08-02,25.8,21.9,30.7,0.8,,286.0,7.8,,1005.8,
2022-08-03,26.4,22.0,32.1,2.6,,285.0,5.6,,1005.0,
2022-08-04,26.2,21.5,32.3,4.1,,302.0,3.5,,1004.0,
2022-08-05,24.3,22.6,31.1,7.9,,267.0,4.8,,1002.7,
2022-08-06,24.8,21.2,29.6,16.0,,256.0,7.7,,1001.7,
2022-08-07,24.0,22.2,30.9,1.0,,261.0,8.7,,1001.2,
2022-08-08,23.7,21.6,26.6,37.1,,269.0,9.6,,1000.2,
2022-08-09,23.1,21.7,25.2,14.0,,258.0,14.6,,999.4,
2022-08-10,23.8,21.4,26.7,23.1,,252.0,18.1,,999.1,
2022-08-11,23.9,22.0,27.6,16.0,,249.0,18.7,,1000.3,
2022-08-12,23.9,22.4,26.8,4.1,,248.0,17.8,,1003.5,
2022-08-13,24.1,21.7,27.7,6.1,,257.0,14.7,,1005.5,
2022-08-14,23.9,21.9,27.5,2.0,,262.0,14.0,,1007.0,
2022-08-15,23.3,21.9,26.8,2.0,,259.0,13.2,,1007.2,
2022-08-16,23.5,20.7,25.8,0.0,,246.0,15.2,,1006.7,
2022-08-17,24.1,21.8,28.2,1.0,,245.0,12.9,,1007.9,
2022-08-18,24.0,21.7,28.8,1.0,,260.0,12.9,,1008.1,
2022-08-19,24.0,21.5,27.6,3.0,,262.0,12.2,,1008.5,
2022-08-20,23.8,21.7,27.8,0.5,,269.0,12.1,,1008.0,
2022-08-21,24.4,21.6,28.4,0.5,,269.0,13.5,,1007.0,
2022-08-22,24.0,21.7,28.1,0.5,,263.0,14.8,,1005.6,
2022-08-23,24.3,22.4,28.3,2.0,,265.0,13.2,,1006.0,
2022-08-24,24.0,22.0,27.5,1.0,,272.0,10.6,,1008.6,
2022-08-25,24.8,21.7,29.2,2.0,,258.0,9.0,,1008.6,
2022-08-26,24.8,21.0,30.8,0.0,,265.0,7.9,,1008.3,
2022-08-27,24.5,19.8,29.6,0.5,,285.0,7.0,,1008.5,
2022-08-28,24.9,19.5,30.5,0.3,,291.0,6.5,,1008.4,
2022-08-29,25.3,20.6,30.3,0.0,,296.0,5.0,,1009.3,
2022-08-30,26.5,21.7,32.6,7.4,,316.0,3.2,,1009.3,
2022-08-31,24.9,21.4,34.6,10.9,,17.0,3.4,,1008.2,
2022-09-01,26.0,20.8,32.6,13.0,,11.0,2.9,,1007.7,
2022-09-02,26.8,22.4,33.1,0.3,,72.0,4.1,,1008.3,
2022-09-03,26.9,22.4,34.4,0.0,,258.0,3.6,,1008.4,
2022-09-04,26.3,23.2,31.8,8.9,,274.0,5.8,,1008.6,
2022-09-05,26.2,22.6,31.6,0.0,,289.0,5.2,,1008.6,
2022-09-06,25.7,22.0,32.4,0.0,,309.0,4.1,,1008.2,
2022-09-07,24.1,22.4,29.6,18.0,,328.0,3.5,,1007.9,
2022-09-08,25.4,21.6,30.0,48.0,,356.0,2.6,,1006.8,
2022-09-09,26.6,22.6,31.9,1.0,,63.0,3.5,,1005.5,
2022-09-10,26.8,23.4,31.2,0.0,,17.0,2.8,,1005.5,
2022-09-11,25.4,23.0,32.9,0.0,,4.0,3.6,,1003.3,
2022-09-12,25.4,21.9,30.5,39.1,,279.0,5.6,,1002.2,
2022-09-13,23.6,22.2,26.2,7.1,,257.0,11.5,,1004.4,
2022-09-14,23.6,21.8,27.4,8.9,,243.0,14.4,,1007.5,
2022-09-15,24.6,21.7,29.6,4.1,,248.0,14.1,,1008.5,
2022-09-16,22.7,21.9,24.1,15.0,,261.0,12.1,,1007.5,
2022-09-17,23.8,20.7,29.7,0.0,,255.0,8.6,,1008.1,
2022-09-18,23.3,21.1,27.8,1.0,,258.0,9.6,,1009.6,
2022-09-19,23.2,20.3,26.6,0.8,,274.0,9.5,,1010.1,
2022-09-20,22.3,20.5,24.8,5.1,,276.0,8.2,,1009.8,
2022-09-21,23.1,19.7,26.7,0.0,,274.0,8.3,,1009.7,
2022-09-22,23.7,20.8,28.7,0.0,,263.0,9.3,,1010.0,
2022-09-23,22.4,19.6,27.0,0.7,,253.0,9.1,,1010.3,
2022-09-24,22.8,20.5,28.7,1.8,,259.0,8.4,,1009.6,
2022-09-25,23.3,20.7,28.0,1.6,,278.0,5.9,,1009.3,
2022-09-26,22.9,20.2,27.5,2.7,,283.0,5.1,,1011.0,
2022-09-27,24.5,21.8,30.4,0.3,,286.0,4.4,,1009.7,
2022-09-28,24.6,21.6,28.8,0.3,,284.0,5.1,,1008.7,
2022-09-29,24.6,19.7,31.3,0.5,,311.0,4.0,,1008.5,
2022-09-30,24.3,21.3,33.1,26.9,,312.0,3.8,,1009.2,
2022-10-01,25.3,20.8,31.1,45.0,,296.0,5.0,,1009.5,
2022-10-02,25.2,21.3,31.3,0.0,,301.0,5.4,,1009.8,
2022-10-03,23.7,19.9,30.2,0.2,,304.0,5.4,,1010.1,
2022-10-04,23.3,20.0,31.0,0.5,,328.0,4.5,,1010.1,
2022-10-05,23.7,19.4,29.5,0.7,,302.0,4.7,,1009.1,
2022-10-06,23.6,20.4,28.0,7.2,,297.0,7.4,,1007.4,
2022-10-07,24.3,21.3,27.4,3.0,,263.0,8.6,,1006.5,
2022-10-08,23.7,21.0,26.4,0.3,,250.0,9.3,,1008.9,
2022-10-09,24.9,18.8,30.2,0.0,,261.0,4.4,,1010.0,
2022-10-10,23.2,19.6,28.2,5.5,,38.0,3.0,,1011.2,
2022-10-11,23.6,20.6,29.6,7.8,,50.0,2.8,,1010.2,
2022-10-12,22.9,20.5,26.6,25.9,,22.0,2.9,,1010.9,
2022-10-13,23.9,20.8,27.4,0.0,,53.0,4.5,,1011.3,
2022-10-14,24.1,20.7,29.6,0.8,,70.0,5.8,,1011.1,
2022-10-15,24.2,20.0,28.6,78.0,,63.0,6.0,,1010.1,
2022-10-16,24.0,19.1,27.4,0.0,,76.0,6.9,,1011.7,
2022-10-17,23.6,20.7,29.0,9.5,,87.0,7.9,,1012.6,
2022-10-18,23.7,19.7,29.4,104.9,,44.0,2.4,,1012.6,
2022-10-19,25.6,21.0,30.2,7.1,,359.0,3.3,,1011.7,
2022-10-20,24.6,21.8,30.6,14.0,,70.0,3.1,,1012.4,
2022-10-21,25.3,21.9,28.4,18.0,,63.0,5.4,,1014.2,
2022-10-22,23.3,19.0,27.8,0.3,,70.0,6.8,,1015.4,
2022-10-23,21.9,15.8,29.0,0.0,,63.0,5.0,,1015.2,
2022-10-24,21.3,14.7,29.6,0.0,,7.0,3.6,,1012.7,
2022-10-25,21.4,14.6,30.6,0.0,,288.0,3.2,,1012.7,
2022-10-26,21.4,15.4,29.4,0.0,,29.0,4.2,,1014.4,
2022-10-27,21.2,15.0,29.0,0.0,,65.0,4.5,,1014.4,
2022-10-28,20.6,14.7,29.0,0.0,,74.0,6.6,,1013.7,
2022-10-29,20.6,14.4,29.0,0.0,,73.0,7.0,,1013.6,
2022-10-30,20.7,13.4,29.8,0.0,,80.0,6.4,,1014.0,
2022-10-31,20.9,14.4,29.0,0.0,,52.0,4.5,,1013.4,
2022-11-01,20.2,14.0,28.6,0.0,,70.0,6.1,,1014.2,
2022-11-02,21.4,15.2,30.0,0.0,,64.0,6.1,,1013.7,
2022-11-03,21.6,14.0,31.0,0.0,,62.0,5.8,,1013.4,
2022-11-04,21.4,13.6,30.6,0.0,,68.0,6.2,,1014.3,
2022-11-05,21.5,14.0,31.0,0.0,,64.0,5.8,,1015.6,
2022-11-06,21.8,13.6,30.8,0.0,,65.0,4.6,,1015.8,
2022-11-07,22.0,13.8,31.2,0.0,,55.0,3.6,,1015.2,
2022-11-08,22.3,14.4,31.0,0.0,,27.0,3.7,,1014.7,
2022-11-09,22.3,16.6,30.6,0.0,,65.0,4.6,,1014.5,
2022-11-10,21.3,13.8,30.0,0.0,,70.0,6.8,,1015.1,
2022-11-11,21.3,13.4,30.0,0.0,,70.0,8.3,,1015.1,
2022-11-12,21.4,14.4,30.2,0.0,,68.0,7.2,,1015.0,
2022-11-13,21.5,14.6,29.6,0.0,,68.0,5.8,,1014.1,
2022-11-14,22.6,14.8,31.0,0.0,,45.0,4.3,,1014.2,
2022-11-15,23.0,16.6,30.6,0.0,,40.0,3.5,,1014.3,
2022-11-16,21.8,15.4,30.4,0.0,,48.0,3.5,,1013.8,
2022-11-17,21.0,13.8,29.8,0.0,,56.0,4.9,,1013.9,
2022-11-18,20.0,12.4,28.4,0.0,,64.0,5.5,,1014.3,
2022-11-19,19.4,12.8,27.4,0.0,,64.0,5.4,,1014.3,
2022-11-20,18.8,10.6,27.0,0.0,,73.0,5.6,,1013.1,
2022-11-21,18.6,10.4,27.6,0.0,,60.0,4.7,,1012.9,
2022-11-22,21.1,12.2,30.0,0.0,,39.0,4.0,,1012.7,
2022-11-23,22.4,15.0,30.6,0.0,,37.0,4.5,,1012.9,
2022-11-24,22.6,15.6,30.6,0.0,,50.0,4.9,,1012.6,
2022-11-25,23.6,16.6,30.8,0.1,,35.0,3.7,,1013.0,
2022-11-26,24.3,19.6,31.4,0.0,,337.0,2.8,,1012.0,
2022-11-27,23.7,19.0,30.8,0.0,,315.0,3.2,,1010.1,
2022-11-28,23.1,18.0,31.8,0.0,,326.0,3.5,,1010.6,
2022-11-29,22.8,15.6,31.0,0.0,,47.0,3.9,,1011.8,
2022-11-30,22.0,15.2,30.0,0.0,,66.0,4.3,,1013.1,
2022-12-01,20.8,13.2,28.6,0.0,,82.0,4.8,,1013.2,
2022-12-02,21.2,12.0,30.2,0.0,,13.0,2.7,,1012.4,
2022-12-03,22.9,15.4,30.6,0.4,,13.0,2.5,,1012.2,
2022-12-04,23.8,19.1,30.6,0.3,,65.0,2.5,,1012.9,
2022-12-05,24.2,18.7,31.2,0.1,,48.0,3.9,,1013.6,
2022-12-06,23.1,17.2,30.2,0.0,,64.0,4.5,,1013.5,
2022-12-07,22.3,15.0,30.0,0.0,,36.0,4.1,,1013.0,
2022-12-08,21.0,15.2,28.0,0.0,,54.0,5.3,,1013.1,
2022-12-09,18.9,11.0,28.2,0.0,,66.0,6.6,,1011.8,
2022-12-10,19.6,9.8,29.0,0.0,,47.0,4.0,,1011.4,
2022-12-11,22.0,12.8,30.0,0.9,,70.0,5.8,,1011.4,
2022-12-12,23.7,20.8,27.0,0.0,,69.0,6.4,,1011.1,
2022-12-13,23.1,19.2,27.6,0.0,,87.0,9.0,,1011.9,
2022-12-14,23.8,19.2,29.8,0.0,,94.0,7.3,,1012.6,
2022-12-15,23.1,18.1,30.6,1.0,,84.0,5.2,,1012.5,
2022-12-16,23.8,18.5,31.0,0.0,,51.0,3.3,,1012.0,
2022-12-17,23.8,18.2,30.8,0.0,,53.0,4.1,,1012.9,
2022-12-18,23.3,17.9,30.0,0.0,,61.0,5.5,,1012.8,
2022-12-19,22.0,15.4,30.6,0.0,,69.0,5.4,,1012.0,
2022-12-20,21.3,12.8,30.6,0.0,,65.0,5.0,,1011.5,
2022-12-21,21.6,13.0,31.0,0.0,,14.0,3.2,,1012.1,
2022-12-22,21.9,14.0,30.8,0.0,,15.0,3.4,,1011.8,
2022-12-23,22.0,13.6,31.6,0.0,,291.0,4.0,,1011.6,
2022-12-24,21.3,14.0,31.6,0.0,,292.0,3.4,,1012.2,
2022-12-25,20.7,12.8,30.8,0.0,,280.0,3.8,,1012.7,
2022-12-26,21.5,12.8,31.2,0.0,,198.0,4.2,,1013.9,
2022-12-27,22.7,15.8,30.6,0.0,,348.0,2.9,,1014.9,
2022-12-28,22.9,16.0,31.4,0.0,,32.0,3.3,,1015.9,
2022-12-29,22.4,14.4,31.0,0.0,,15.0,3.2,,1017.2,
2022-12-30,22.3,14.6,31.0,0.0,,6.0,3.3,,1018.2,
2022-12-31,22.0,14.2,31.2,0.0,,307.0,3.9,,1017.2,
2023-01-01,21.1,13.8,31.4,0.0,,293.0,3.2,,1016.5,
2023-01-02,21.4,12.0,30.4,0.0,,21.0,3.5,,1016.7,
2023-01-03,21.7,13.0,29.6,0.0,,329.0,3.2,,1016.2,
2023-01-04,21.4,15.2,28.7,0.0,,30.0,3.5,,1015.1,
2023-01-05,21.5,16.4,28.5,0.0,,55.0,4.3,,1016.1,
2023-01-06,21.8,16.4,28.0,0.0,,73.0,6.9,,1017.6,
2023-01-07,21.6,16.9,27.1,0.0,,68.0,6.3,,1017.6,
2023-01-08,20.2,14.6,27.2,0.0,,57.0,5.0,,1016.6,
2023-01-09,19.0,10.2,27.6,0.0,,58.0,4.7,,1017.9,
2023-01-10,18.8,8.6,28.4,0.0,,60.0,5.6,,1017.3,
2023-01-11,20.0,9.4,30.8,0.0,,325.0,5.6,,1015.0,
2023-01-12,19.9,9.4,30.2,0.0,,306.0,5.1,,1013.5,
2023-01-13,19.0,10.6,30.0,0.0,,288.0,6.4,,1014.2,
2023-01-14,18.9,10.8,28.9,0.0,,307.0,5.4,,1014.0,
2023-01-15,20.1,11.6,29.8,0.0,,4.0,6.9,,1012.6,
2023-01-16,20.1,12.0,31.6,0.0,,271.0,6.3,,1012.7,
2023-01-17,20.4,12.4,32.0,0.0,,282.0,4.8,,1013.3,
2023-01-18,21.0,11.4,30.4,0.0,,27.0,4.9,,1014.5,
2023-01-19,21.5,11.6,31.0,0.0,,286.0,5.7,,1014.6,
2023-01-20,21.4,13.0,30.6,0.0,,270.0,5.8,,1014.2,
2023-01-21,21.1,13.8,29.2,0.0,,298.0,4.9,,1014.1,
2023-01-22,20.7,12.6,30.0,0.0,,273.0,5.7,,1013.3,
2023-01-23,20.5,12.8,30.4,0.0,,275.0,6.7,,1012.6,
2023-01-24,20.7,13.8,30.4,0.0,,274.0,7.6,,1012.5,
2023-01-25,20.9,14.3,30.0,0.2,,317.0,5.6,,1012.5,
2023-01-26,22.5,15.6,30.6,0.8,,12.0,5.6,,1012.7,
2023-01-27,22.8,16.6,30.9,0.0,,67.0,7.4,,1012.9,
2023-01-28,21.6,12.6,30.4,0.0,,100.0,7.7,,1012.1,
2023-01-29,21.3,13.0,31.0,0.0,,247.0,8.3,,1011.0,
2023-01-30,22.1,16.0,29.4,0.0,,345.0,5.1,,1013.3,
2023-01-31,21.9,15.4,29.4,0.0,,54.0,7.1,,1013.8,
2023-02-01,21.8,15.8,28.4,0.0,,63.0,8.6,,1014.1,
2023-02-02,21.7,15.0,29.3,0.0,,78.0,7.5,,1014.1,
2023-02-03,21.4,13.0,29.6,0.0,,62.0,6.9,,1014.7,
2023-02-04,21.9,12.0,30.6,0.0,,19.0,5.4,,1013.2,
2023-02-05,22.5,12.0,31.6,0.0,,15.0,5.8,,1012.3,
2023-02-06,22.8,12.6,33.6,0.0,,280.0,6.5,,1012.3,
2023-02-07,22.6,13.0,31.2,0.0,,339.0,5.5,,1012.1,
2023-02-08,23.0,13.4,32.1,0.0,,41.0,6.0,,1012.8,
2023-02-09,23.6,12.6,33.0,0.0,,5.0,5.9,,1013.2,
2023-02-10,24.6,12.6,33.4,0.0,,334.0,5.8,,1014.1,
2023-02-11,24.6,12.8,33.8,0.0,,311.0,6.4,,1014.6,
2023-02-12,23.8,12.0,33.2,0.0,,54.0,6.9,,1015.3,
2023-02-13,22.4,12.2,32.1,0.0,,70.0,8.0,,1016.0,
2023-02-14,22.0,11.0,32.2,0.0,,53.0,7.0,,1015.5,
2023-02-15,23.0,9.8,32.9,0.0,,69.0,7.4,,1013.8,
2023-02-16,23.4,10.8,33.8,0.0,,66.0,9.0,,1014.1,
2023-02-17,23.8,11.6,34.1,0.0,,64.0,8.5,,1014.3,
2023-02-18,23.7,11.4,33.2,0.0,,72.0,8.2,,1014.1,
2023-02-19,23.1,10.6,33.1,0.0,,68.0,7.8,,1014.0,
2023-02-20,24.6,11.8,34.0,0.0,,47.0,6.8,,1013.6,
2023-02-21,25.0,13.8,35.0,0.0,,321.0,5.5,,1013.7,
2023-02-22,25.0,13.6,34.6,0.0,,358.0,6.0,,1013.2,
2023-02-23,24.9,14.2,34.4,0.0,,72.0,6.9,,1013.0,
2023-02-24,25.1,12.8,34.6,0.0,,48.0,6.9,,1013.9,
2023-02-25,25.4,14.0,33.8,0.0,,33.0,6.6,,1015.5,
2023-02-26,25.1,13.6,34.0,0.0,,32.0,6.9,,1016.1,
2023-02-27,25.5,14.0,34.6,0.0,,333.0,7.6,,1015.7,
2023-02-28,25.3,13.8,33.5,0.0,,290.0,6.9,,1015.4,
2023-03-01,24.9,13.4,33.8,0.0,,5.0,6.5,,1016.0,
2023-03-02,25.3,16.2,34.0,0.0,,44.0,7.6,,1016.5,
2023-03-03,25.2,17.0,34.1,0.0,,66.0,8.4,,1016.9,
2023-03-04,26.6,17.4,34.6,0.0,,226.0,6.5,,1016.4,
2023-03-05,26.5,17.2,34.8,0.4,,316.0,6.8,,1016.1,
2023-03-06,24.8,17.4,33.6,1.7,,60.0,8.4,,1015.6,
2023-03-07,22.1,17.0,28.4,4.9,,85.0,8.2,,1016.6,
2023-03-08,23.8,14.0,32.5,0.0,,49.0,6.1,,1015.3,
2023-03-09,25.3,18.4,32.2,0.0,,38.0,7.3,,1014.3,
2023-03-10,25.3,17.8,33.0,0.0,,34.0,6.6,,1013.4,
2023-03-11,25.7,16.0,33.6,0.0,,50.0,8.0,,1013.3,
2023-03-12,26.4,17.8,33.6,0.0,,62.0,7.9,,1012.7,
2023-03-13,26.6,17.2,34.0,0.0,,43.0,7.3,,1011.7,
2023-03-14,26.5,18.4,34.4,0.0,,12.0,7.8,,1010.2,
2023-03-15,26.1,19.6,33.2,0.0,,31.0,7.8,,1009.3,
2023-03-16,23.2,17.8,31.9,1.4,,87.0,7.3,,1011.4,
2023-03-17,23.1,15.8,30.6,0.1,,16.0,5.3,,1011.4,
2023-03-18,23.7,17.4,30.6,0.0,,307.0,6.4,,1010.1,
2023-03-19,23.8,15.0,31.0,0.0,,267.0,8.7,,1009.7,
2023-03-20,22.8,15.9,30.4,0.0,,280.0,8.8,,1009.4,
2023-03-21,22.2,15.4,29.0,1.2,,273.0,8.8,,1010.4,
2023-03-22,22.7,15.6,30.4,0.0,,287.0,8.4,,1011.1,
2023-03-23,23.3,16.6,31.0,0.0,,283.0,8.5,,1011.0,
2023-03-24,23.9,15.6,32.6,0.0,,289.0,8.2,,1011.0,
2023-03-25,23.6,16.0,33.6,0.0,,284.0,7.8,,1011.7,
2023-03-26,23.1,13.6,33.6,0.0,,290.0,7.6,,1011.5,
2023-03-27,23.7,15.2,33.2,0.0,,283.0,6.8,,1011.3,
2023-03-28,24.3,15.8,34.2,0.0,,279.0,7.3,,1010.5,
2023-03-29,25.2,17.0,35.2,0.0,,264.0,7.3,,1010.8,
2023-03-30,23.5,15.5,32.2,0.0,,274.0,8.9,,1010.7,
2023-03-31,24.2,17.8,31.6,0.0,,281.0,10.1,,1010.3,
2023-04-01,24.5,16.2,33.4,0.0,,278.0,8.6,,1010.7,
2023-04-02,24.1,15.7,33.8,0.0,,279.0,8.4,,1010.3,
2023-04-03,24.5,15.4,34.0,0.0,,273.0,7.9,,1009.9,
2023-04-04,26.6,18.0,35.8,0.0,,299.0,6.7,,1010.3,
2023-04-05,27.8,18.2,36.0,0.0,,300.0,7.9,,1010.2,
2023-04-06,28.3,20.0,36.8,0.0,,331.0,7.5,,1010.4,
2023-04-07,27.8,21.0,34.8,0.0,,56.0,7.1,,1011.9,
2023-04-08,27.4,21.1,33.4,0.5,,89.0,7.7,,1014.3,
2023-04-09,26.2,19.7,36.4,0.0,,73.0,6.4,,1014.3,
2023-04-10,29.4,19.3,36.2,7.1,,68.0,6.6,,1012.3,
2023-04-11,28.8,19.9,38.4,0.0,,45.0,8.0,,1012.1,
2023-04-12,29.8,21.6,38.2,0.0,,29.0,7.0,,1011.4,
2023-04-13,29.1,20.6,37.2,0.1,,47.0,7.3,,1011.5,
2023-04-14,28.9,20.0,35.6,0.0,,97.0,6.4,,1011.4,
2023-04-15,26.1,21.2,37.0,0.0,,65.0,6.7,,1011.5,
2023-04-16,26.4,18.2,35.6,4.1,,319.0,6.1,,1010.1,
2023-04-17,27.6,19.2,37.2,0.0,,275.0,6.4,,1010.1,
2023-04-18,29.2,20.4,38.4,0.0,,17.0,7.1,,1010.6,
2023-04-19,30.0,21.0,39.0,0.0,,57.0,6.3,,1008.4,
2023-04-20,28.7,22.0,37.8,0.0,,291.0,7.8,,1006.6,
2023-04-21,27.1,18.6,36.2,0.0,,274.0,8.4,,1007.0,
2023-04-22,25.8,17.2,34.0,0.0,,275.0,9.8,,1007.7,
2023-04-23,25.9,17.5,35.0,0.0,,281.0,9.2,,1007.6,
2023-04-24,27.7,18.7,36.8,0.0,,290.0,7.4,,1007.9,
2023-04-25,28.2,20.4,36.8,0.0,,280.0,8.6,,1008.1,
2023-04-26,26.9,19.4,35.0,0.0,,247.0,8.7,,1008.9,
2023-04-27,26.9,20.6,34.4,0.1,,284.0,6.7,,1009.1,
2023-04-28,27.6,21.4,33.2,0.0,,276.0,7.5,,1010.0,
2023-04-29,27.8,20.0,34.0,0.0,,262.0,7.0,,1009.1,
2023-04-30,25.7,18.9,33.6,0.0,,267.0,8.8,,1007.8,
2023-05-01,25.5,18.6,33.8,0.0,,263.0,8.9,,1007.8,
2023-05-02,25.3,19.4,31.2,0.2,,273.0,6.8,,1008.8,
2023-05-03,25.9,19.7,33.4,0.0,,276.0,8.0,,1010.1,
2023-05-04,26.5,19.4,33.2,5.1,,278.0,6.9,,1009.2,
2023-05-05,27.8,21.3,34.8,0.0,,279.0,7.6,,1008.3,
2023-05-06,27.0,20.2,34.4,0.2,,289.0,6.7,,1008.4,
2023-05-07,28.2,23.0,34.2,0.5,,297.0,6.6,,1008.7,
2023-05-08,28.6,24.2,35.2,0.0,,281.0,7.8,,1008.1,
2023-05-09,29.9,24.2,35.6,8.9,,292.0,5.8,,1008.2,
2023-05-10,31.8,24.8,39.2,0.0,,315.0,6.9,,1007.1,
2023-05-11,31.0,23.6,40.4,0.0,,313.0,7.5,,1007.3,
2023-05-12,30.4,22.6,40.0,0.0,,268.0,10.8,,1007.8,
2023-05-13,29.3,22.8,37.8,0.0,,264.0,14.0,,1008.8,
2023-05-14,28.7,22.3,36.8,0.0,,267.0,13.1,,1008.3,
2023-05-15,28.0,21.4,35.2,0.0,,269.0,12.4,,1009.1,
2023-05-16,27.7,20.8,35.2,0.0,,276.0,12.1,,1010.9,
2023-05-17,28.7,20.6,37.8,0.0,,279.0,10.2,,1010.6,
2023-05-18,29.2,21.7,38.4,0.0,,282.0,9.8,,1011.6,
2023-05-19,29.8,21.2,39.0,0.0,,288.0,9.0,,1010.0,
2023-05-20,29.0,21.4,38.0,0.0,,280.0,9.8,,1009.6,
2023-05-21,28.4,21.0,38.0,0.0,,275.0,10.3,,1010.3,
2023-05-22,29.0,21.7,37.8,0.0,,286.0,9.5,,1010.7,
2023-05-23,29.7,22.3,39.8,0.0,,278.0,9.1,,1010.7,
2023-05-24,28.8,22.6,37.0,0.0,,273.0,11.6,,1010.6,
2023-05-25,27.8,22.5,35.6,0.0,,268.0,14.5,,1011.3,
2023-05-26,27.5,22.8,35.0,0.6,,263.0,14.8,,1011.7,
2023-05-27,27.2,21.2,35.4,0.0,,270.0,12.7,,1010.9,
2023-05-28,28.0,21.5,36.8,0.0,,278.0,12.4,,1009.7,
2023-05-29,28.3,21.5,38.0,0.0,,299.0,8.8,,1009.3,
2023-05-30,29.2,21.8,38.4,0.0,,299.0,8.0,,1009.3,
2023-05-31,30.1,22.5,39.2,0.0,,294.0,8.3,,1008.7,
2023-06-01,28.9,22.3,40.1,0.0,,286.0,9.9,,1008.6,
2023-06-02,29.1,22.7,36.0,7.1,,275.0,12.1,,1009.4,
2023-06-03,29.8,23.8,36.2,0.0,,279.0,12.1,,1009.0,
2023-06-04,26.9,22.8,33.4,0.7,,284.0,10.2,,1009.3,
2023-06-05,27.6,22.5,33.8,0.0,,272.0,10.9,,1008.3,
2023-06-06,28.3,22.1,35.6,0.0,,272.0,10.5,,1007.8,
2023-06-07,28.4,22.7,36.0,0.0,,267.0,11.5,,1007.7,
2023-06-08,28.4,22.4,36.6,0.0,,260.0,11.5,,1008.0,
2023-06-09,28.0,23.7,35.8,7.0,,250.0,9.7,,1006.4,
2023-06-10,28.2,23.8,34.4,3.1,,232.0,14.1,,1005.1,
2023-06-11,27.8,23.5,35.8,0.8,,224.0,12.6,,1004.9,
2023-06-12,28.2,22.8,36.0,0.0,,220.0,14.3,,1004.4,
2023-06-13,27.2,23.4,31.6,1.0,,231.0,17.9,,1005.7,
2023-06-14,26.5,23.3,31.2,1.8,,237.0,18.2,,1007.5,
2023-06-15,28.9,25.4,34.2,0.6,,240.0,17.8,,1007.8,
2023-06-16,26.5,23.4,32.6,0.3,,239.0,19.8,,1007.2,
2023-06-17,28.1,24.7,33.2,0.3,,251.0,16.8,,1007.6,
2023-06-18,28.3,24.8,33.0,0.0,,262.0,16.8,,1007.8,
2023-06-19,28.6,23.9,34.6,0.0,,264.0,15.1,,1006.8,
2023-06-20,27.2,22.9,34.2,1.1,,263.0,13.4,,1006.1,
2023-06-21,27.4,22.6,34.0,0.2,,265.0,13.1,,1006.4,
2023-06-22,27.3,23.1,33.4,1.0,,263.0,13.0,,1006.6,
2023-06-23,26.9,23.2,32.6,1.9,,254.0,12.8,,1006.3,
2023-06-24,25.2,23.1,30.7,0.0,,252.0,11.4,,1005.3,
2023-06-25,24.4,22.6,27.6,14.0,,251.0,12.5,,1005.5,
2023-06-26,24.7,22.3,27.2,10.9,,248.0,13.5,,1006.9,
2023-06-27,24.0,22.2,27.6,7.1,,259.0,12.9,,1006.7,
2023-06-28,24.6,22.7,27.0,15.0,,252.0,12.8,,1007.1,
2023-06-29,24.3,22.4,26.8,9.9,,256.0,13.9,,1007.3,
2023-06-30,24.0,21.9,26.0,6.1,,251.0,16.8,,1007.3,
2023-07-01,24.5,21.8,26.6,20.1,,252.0,14.0,,1008.1,
2023-07-02,24.5,22.7,26.5,3.0,,257.0,12.7,,1007.4,
2023-07-03,25.9,22.7,28.8,7.9,,254.0,10.7,,1005.5,
2023-07-04,25.9,23.3,29.0,0.3,,257.0,10.8,,1003.5,
2023-07-05,25.5,22.9,30.0,0.3,,258.0,10.7,,1002.0,
2023-07-06,25.3,23.1,28.8,4.1,,254.0,13.8,,1003.4,
2023-07-07,25.2,22.8,27.8,0.3,,247.0,16.0,,1004.6,
2023-07-08,24.9,22.7,26.8,3.0,,248.0,16.6,,1006.3,
2023-07-09,25.5,22.2,28.8,0.0,,254.0,14.7,,1007.3,
2023-07-10,25.3,23.1,28.0,0.5,,258.0,14.0,,1007.7,
2023-07-11,25.5,21.9,28.0,2.0,,267.0,13.8,,1007.8,
2023-07-12,25.9,23.0,29.0,0.0,,258.0,11.3,,1006.8,
2023-07-13,25.7,23.3,29.8,0.0,,251.0,12.3,,1006.6,
2023-07-14,24.0,22.1,26.5,18.4,,265.0,12.5,,1008.1,
2023-07-15,24.3,21.8,29.0,1.9,,259.0,14.9,,1008.5,
2023-07-16,24.6,21.9,28.0,2.0,,261.0,12.2,,1007.7,
2023-07-17,23.9,22.0,26.1,2.0,,255.0,13.8,,1006.6,
2023-07-18,23.9,22.3,25.2,5.1,,259.0,16.4,,1005.1,
2023-07-19,23.4,21.2,24.8,6.1,,265.0,17.4,,1003.2,
2023-07-20,24.6,22.3,26.8,18.0,,263.0,18.3,,1003.4,
2023-07-21,24.3,22.4,26.6,472.2,,260.0,16.1,,1005.3,
2023-07-22,23.8,22.2,25.6,7.1,,260.0,16.9,,1005.8,
2023-07-23,24.2,21.7,26.2,7.1,,262.0,16.2,,1005.0,
2023-07-24,24.3,22.5,26.0,13.0,,258.0,16.1,,1005.2,
2023-07-25,23.8,22.3,25.4,8.9,,260.0,14.0,,1007.0,
2023-07-26,23.8,22.1,26.2,10.9,,266.0,14.4,,1008.0,
2023-07-27,23.1,21.9,24.0,0.0,,264.0,17.0,,1008.2,
2023-07-28,23.4,21.3,25.2,10.9,,267.0,16.6,,1008.2,
2023-07-29,23.5,21.8,26.4,6.1,,263.0,15.5,,1008.8,
2023-07-30,24.3,21.9,27.4,3.0,,263.0,15.6,,1008.0,
2023-07-31,24.4,22.3,27.4,3.0,,260.0,15.6,,1007.5,
2023-08-01,24.5,22.1,27.4,5.1,,261.0,18.5,,1007.4,
2023-08-02,24.4,22.4,27.0,2.0,,260.0,19.5,,1007.9,
2023-08-03,24.0,22.5,25.8,0.5,,261.0,19.2,,1007.4,
2023-08-04,24.8,22.3,27.8,3.0,,259.0,18.3,,1008.5,
2023-08-05,24.4,21.8,26.6,3.0,,262.0,16.7,,1010.4,
2023-08-06,24.4,21.9,26.6,2.0,,262.0,17.1,,1009.8,
2023-08-07,25.1,22.6,27.6,0.8,,260.0,18.4,,1008.1,
2023-08-08,25.2,22.9,28.6,0.0,,259.0,16.1,,1008.4,
2023-08-09,25.4,22.3,29.4,0.8,,260.0,14.4,,1010.6,
2023-08-10,25.1,22.1,29.4,0.3,,266.0,12.6,,1011.3,
2023-08-11,25.0,21.1,28.4,0.0,,266.0,11.5,,1010.7,
2023-08-12,25.0,21.9,28.6,0.0,,263.0,14.0,,1010.4,
2023-08-13,24.7,21.4,27.6,1.0,,260.0,14.9,,1009.2,
2023-08-14,25.6,22.3,29.2,0.0,,257.0,15.1,,1009.3,
2023-08-15,24.3,21.8,26.8,0.5,,258.0,11.7,,1010.0,
2023-08-16,25.2,22.0,30.0,0.5,,261.0,13.2,,1010.2,
2023-08-17,24.1,21.7,27.1,0.0,,269.0,12.6,,1010.6,
2023-08-18,24.9,21.4,28.8,1.0,,272.0,14.5,,1009.0,
2023-08-19,24.3,21.9,27.6,1.0,,271.0,14.4,,1007.8,
2023-08-20,23.8,21.7,26.7,2.0,,270.0,14.0,,1008.0,
2023-08-21,25.1,20.9,29.4,3.0,,272.0,12.5,,1008.4,
2023-08-22,23.9,21.3,28.4,0.0,,272.0,10.9,,1008.6,
2023-08-23,24.9,21.5,28.6,3.0,,260.0,13.0,,1008.4,
2023-08-24,25.0,21.4,29.5,0.0,,260.0,13.2,,1007.6,
2023-08-25,24.2,21.9,27.1,2.0,,253.0,12.1,,1007.7,
2023-08-26,24.4,21.4,28.2,0.0,,255.0,12.3,,1009.1,
2023-08-27,25.2,21.3,29.6,6.1,,261.0,12.7,,1010.0,
2023-08-28,24.5,21.8,28.0,0.0,,261.0,13.1,,1009.5,
2023-08-29,25.4,21.4,30.2,0.5,,271.0,10.1,,1009.2,
2023-08-30,25.9,20.7,31.0,0.0,,279.0,7.4,,1010.0,
2023-08-31,25.2,20.1,33.4,0.6,,286.0,6.0,,1009.6,
2023-09-01,25.6,21.2,31.4,5.6,,290.0,6.0,,1009.4,
2023-09-02,23.7,22.3,27.5,20.1,,286.0,7.6,,1009.6,
2023-09-03,24.6,21.2,28.8,7.9,,276.0,8.6,,1008.4,
2023-09-04,24.9,20.8,28.0,0.0,,284.0,10.0,,1007.3,
2023-09-05,24.4,20.0,29.6,0.5,,276.0,9.6,,1006.8,
2023-09-06,24.4,20.3,29.6,0.5,,269.0,12.1,,1006.9,
2023-09-07,23.8,22.0,26.8,8.9,,268.0,14.4,,1006.7,
2023-09-08,22.7,20.8,23.8,10.9,,271.0,13.9,,1007.0,
2023-09-09,24.4,22.0,26.9,11.9,,271.0,14.6,,1007.1,
2023-09-10,25.6,22.8,28.4,0.0,,265.0,14.8,,1007.1,
2023-09-11,24.6,21.9,29.8,2.8,,268.0,13.9,,1007.6,
2023-09-12,24.2,21.0,29.6,0.2,,267.0,12.9,,1008.4,
2023-09-13,24.3,21.5,29.2,2.7,,268.0,12.8,,1007.9,
2023-09-14,24.0,21.3,28.4,2.1,,268.0,11.4,,1008.0,
2023-09-15,25.2,21.4,29.6,0.0,,263.0,11.8,,1007.8,
2023-09-16,23.9,22.0,27.2,0.0,,261.0,15.1,,1007.6,
2023-09-17,24.2,21.6,28.2,1.0,,253.0,15.5,,1006.8,
2023-09-18,25.3,21.3,28.4,2.0,,247.0,14.6,,1006.8,
2023-09-19,26.7,21.5,29.8,2.0,,236.0,13.9,,1008.7,
2023-09-20,25.5,22.6,29.8,0.0,,243.0,11.4,,1008.9,
2023-09-21,25.4,22.0,29.0,0.0,,250.0,8.4,,1009.0,
2023-09-22,24.6,22.3,29.2,4.1,,274.0,5.8,,1009.5,
2023-09-23,23.6,21.9,27.8,8.9,,273.0,5.7,,1009.9,
2023-09-24,24.5,21.0,29.8,25.9,,270.0,7.9,,1010.2,
2023-09-25,25.4,21.8,30.6,7.1,,276.0,7.5,,1009.0,
2023-09-26,23.7,20.9,29.4,0.0,,300.0,5.2,,1009.2,
2023-09-27,23.7,21.1,27.6,38.1,,333.0,4.4,,1008.5,
2023-09-28,24.9,21.1,30.8,6.1,,55.0,4.8,,1007.4,
2023-09-29,24.8,21.2,29.3,5.1,,42.0,5.4,,1007.0,
2023-09-30,25.3,21.5,28.9,17.0,,54.0,8.6,,1006.9,
2023-10-01,24.5,21.3,28.6,11.9,,353.0,7.7,,1006.9,
2023-10-02,24.1,21.0,27.2,5.1,,271.0,9.5,,1009.7,
2023-10-03,25.9,21.8,31.0,0.0,,278.0,7.1,,1010.7,
2023-10-04,26.2,21.1,32.4,0.0,,302.0,5.8,,1011.5,
2023-10-05,24.3,20.2,31.8,0.0,,289.0,5.1,,1011.3,
2023-10-06,24.1,19.4,32.6,0.0,,292.0,5.0,,1010.5,
2023-10-07,24.8,20.1,33.0,0.0,,319.0,4.7,,1010.6,
2023-10-08,25.3,20.1,32.8,0.0,,23.0,4.4,,1011.7,
2023-10-09,25.3,20.2,33.4,0.0,,311.0,4.9,,1013.0,
2023-10-10,25.3,20.4,33.8,0.0,,332.0,4.9,,1012.8,
2023-10-11,25.4,19.6,33.4,0.0,,20.0,4.6,,1012.6,
2023-10-12,25.6,20.9,33.0,0.0,,73.0,5.6,,1013.1,
2023-10-13,25.9,20.8,33.8,0.0,,44.0,5.8,,1013.7,
2023-10-14,25.2,19.8,33.6,0.0,,29.0,5.5,,1013.6,
2023-10-15,25.6,20.4,34.2,0.0,,326.0,4.3,,1012.1,
2023-10-16,25.6,21.0,33.4,0.0,,38.0,5.2,,1011.9,
2023-10-17,26.0,20.9,33.4,0.0,,35.0,5.6,,1013.2,
2023-10-18,25.7,20.6,33.4,0.0,,28.0,5.8,,1014.0,
2023-10-19,25.8,20.5,33.4,0.0,,17.0,4.7,,1013.6,
2023-10-20,25.1,20.9,31.6,2.1,,70.0,5.5,,1013.8,
2023-10-21,25.5,21.5,32.0,0.1,,36.0,6.0,,1014.3,
2023-10-22,25.6,20.6,32.6,0.0,,35.0,6.0,,1014.5,
2023-10-23,25.3,19.4,33.4,0.0,,38.0,5.6,,1013.5,
2023-10-24,25.5,20.0,32.6,0.0,,23.0,5.3,,1013.1,
2023-10-25,25.1,19.2,31.6,0.0,,34.0,6.1,,1014.6,
2023-10-26,24.2,18.2,31.8,0.0,,80.0,6.9,,1015.1,
2023-10-27,23.3,15.2,31.2,0.0,,68.0,7.0,,1013.8,
2023-10-28,23.4,15.4,31.6,0.0,,61.0,6.4,,1013.5,
2023-10-29,23.4,16.0,31.4,0.0,,57.0,6.6,,1013.2,
2023-10-30,23.8,16.4,31.4,0.0,,60.0,6.9,,1013.0,
2023-10-31,23.8,17.6,30.6,0.0,,56.0,7.3,,1013.8,
2023-11-01,23.1,16.0,30.8,0.0,,46.0,6.4,,1014.5,
2023-11-02,23.6,15.4,31.2,0.0,,56.0,6.0,,1013.5,
2023-11-03,23.9,16.8,31.0,0.0,,60.0,6.3,,1011.7,
2023-11-04,24.2,17.4,31.2,0.0,,72.0,6.4,,1011.5,
2023-11-05,24.7,18.8,31.4,0.0,,52.0,6.6,,1012.8,
2023-11-06,23.9,17.0,30.8,0.0,,60.0,8.1,,1014.1,
2023-11-07,24.4,16.8,31.0,0.0,,55.0,5.9,,1013.8,
2023-11-08,24.6,21.3,29.5,0.7,,80.0,7.1,,1013.3,
2023-11-09,24.3,19.8,31.8,6.5,,71.0,7.4,,1014.0,
2023-11-10,23.5,19.2,29.8,2.9,,66.0,6.0,,1015.5,
2023-11-11,24.4,18.6,30.8,0.0,,65.0,6.5,,1015.7,
2023-11-12,24.1,18.6,31.0,0.0,,64.0,6.4,,1015.6,
2023-11-13,23.9,18.6,30.6,0.0,,19.0,4.7,,1015.3,
2023-11-14,23.4,17.9,31.2,0.0,,11.0,4.5,,1014.5,
2023-11-15,22.8,17.9,30.2,0.0,,66.0,6.5,,1014.4,
2023-11-16,22.3,15.4,29.8,0.0,,37.0,5.3,,1014.7,
2023-11-17,22.3,15.2,29.1,0.0,,44.0,6.5,,1014.8,
2023-11-18,22.6,15.2,30.6,0.0,,7.0,5.5,,1013.9,
2023-11-19,24.0,17.8,31.4,0.0,,34.0,4.9,,1013.6,
2023-11-20,24.2,18.3,30.6,0.0,,54.0,6.7,,1014.0,
2023-11-21,23.3,18.2,29.8,0.0,,65.0,7.1,,1014.0,
2023-11-22,23.3,15.6,30.6,0.0,,38.0,5.7,,1013.2,
2023-11-23,23.2,16.2,30.0,0.0,,39.0,4.8,,1011.4,
2023-11-24,23.4,17.8,29.5,1.0,,87.0,7.3,,1011.7,
2023-11-25,23.4,17.4,29.4,1.0,,88.0,7.7,,1013.4,
2023-11-26,23.3,19.1,31.0,3.4,,140.0,8.7,,1013.5,
2023-11-27,22.7,18.5,29.8,0.5,,249.0,5.7,,1012.3,
2023-11-28,22.6,19.2,27.8,0.0,,297.0,4.7,,1011.5,
2023-11-29,22.7,17.6,29.4,0.0,,243.0,5.8,,1012.2,
2023-11-30,22.8,16.8,30.6,0.0,,290.0,6.1,,1012.7,
2023-12-01,22.4,17.2,30.8,0.0,,247.0,4.4,,1012.6,
2023-12-02,23.1,17.8,30.0,0.1,,106.0,7.9,,1011.6,
2023-12-03,23.2,17.9,30.6,0.0,,69.0,7.2,,1012.3,
2023-12-04,23.5,18.2,30.2,0.0,,65.0,6.0,,1011.5,
2023-12-05,22.8,17.4,29.2,0.0,,57.0,6.1,,1010.5,
2023-12-06,22.2,17.7,27.8,0.0,,57.0,5.6,,1011.8,
2023-12-07,21.4,15.8,27.2,0.4,,70.0,4.5,,1012.6,
2023-12-08,21.8,16.0,28.4,0.0,,47.0,5.2,,1013.0,
2023-12-09,22.2,16.0,29.0,0.0,,70.0,6.2,,1013.9,
2023-12-10,22.2,15.5,30.2,0.0,,55.0,6.1,,1013.2,
2023-12-11,22.7,15.7,28.9,0.0,,355.0,4.6,,1013.4,
2023-12-12,22.3,17.1,29.8,0.0,,328.0,4.5,,1012.4,
2023-12-13,21.6,15.6,29.2,0.0,,66.0,5.5,,1013.0,
2023-12-14,21.0,15.0,28.0,0.0,,88.0,7.9,,1014.7,
2023-12-15,20.3,13.8,27.4,0.0,,91.0,7.1,,1015.8,
2023-12-16,20.2,13.0,27.1,0.0,,58.0,6.6,,1015.2,
2023-12-17,20.7,14.7,26.5,0.0,,64.0,8.0,,1014.6,
2023-12-18,21.1,15.4,26.7,0.0,,75.0,10.1,,1015.6,
2023-12-19,20.8,16.0,26.1,0.0,,71.0,9.7,,1016.7,
2023-12-20,19.8,13.4,27.2,0.0,,78.0,7.0,,1016.5,
2023-12-21,21.0,15.5,28.9,0.0,,59.0,5.7,,1015.3,
2023-12-22,21.4,15.0,29.2,0.0,,23.0,4.8,,1015.2,
2023-12-23,21.0,13.6,29.8,0.0,,57.0,6.3,,1015.8,
2023-12-24,20.7,12.6,29.2,0.0,,58.0,6.7,,1017.5,
2023-12-25,21.3,14.9,29.5,0.0,,67.0,9.2,,1017.2,
2023-12-26,22.2,14.2,30.7,0.0,,45.0,6.7,,1016.7,
2023-12-27,21.6,13.6,30.4,0.0,,43.0,6.3,,1017.0,
2023-12-28,21.5,13.4,30.0,0.0,,64.0,6.9,,1015.4,
2023-12-29,21.4,13.8,29.8,0.0,,65.0,5.9,,1015.4,
2023-12-30,21.0,12.8,30.6,0.0,,38.0,5.5,,1014.8,
2023-12-31,22.1,13.8,30.4,0.0,,57.0,6.5,,1014.1,
2024-01-01,22.0,14.0,29.2,0.0,,71.0,5.9,,1014.3,
2024-01-02,22.2,14.4,30.2,0.0,,52.0,5.3,,1013.3,
2024-01-03,22.3,16.8,29.7,0.0,,357.0,5.8,,1012.5,
2024-01-04,21.7,15.9,29.4,0.0,,308.0,5.2,,1012.7,
2024-01-05,21.3,14.3,29.4,0.0,,296.0,5.1,,1012.8,
2024-01-06,21.8,15.2,29.3,0.0,,57.0,6.1,,1013.3,
2024-01-07,22.4,16.4,29.0,0.5,,61.0,7.0,,1013.5,
2024-01-08,22.5,16.5,29.4,0.1,,91.0,10.0,,1014.0,
2024-01-09,20.6,18.2,27.8,0.0,,99.0,8.3,,1014.4,
2024-01-10,21.0,17.1,27.8,7.3,,55.0,5.9,,1015.2,
2024-01-11,22.3,17.6,30.6,0.0,,54.0,5.4,,1015.2,
2024-01-12,22.6,16.2,31.4,0.0,,65.0,6.4,,1014.7,
2024-01-13,23.1,16.0,32.5,0.0,,359.0,5.2,,1015.1,
2024-01-14,23.3,16.4,32.2,0.0,,315.0,6.0,,1015.1,
2024-01-15,21.1,13.4,31.2,0.0,,281.0,5.8,,1014.6,
2024-01-16,20.0,11.6,31.2,0.0,,266.0,5.6,,1012.6,
2024-01-17,20.0,12.4,30.2,0.0,,252.0,7.1,,1011.7,
2024-01-18,19.1,12.2,27.4,0.0,,253.0,6.1,,1013.4,
2024-01-19,19.9,12.4,30.6,0.0,,243.0,6.6,,1013.2,
2024-01-20,20.9,14.5,30.0,0.0,,269.0,7.3,,1014.0,
2024-01-21,20.6,14.2,28.6,0.0,,68.0,5.7,,1014.5,
2024-01-22,21.2,13.8,31.0,0.0,,304.0,7.0,,1015.0,
2024-01-23,19.5,12.6,28.2,0.0,,13.0,5.1,,1015.1,
2024-01-24,19.1,11.6,27.6,0.0,,54.0,6.2,,1015.4,
2024-01-25,18.9,10.6,27.6,0.0,,73.0,6.3,,1016.9,
2024-01-26,20.5,11.0,30.0,0.0,,43.0,5.7,,1017.7,
2024-01-27,21.9,13.8,29.8,0.0,,65.0,6.3,,1017.6,
2024-01-28,22.7,14.2,30.6,0.0,,348.0,4.9,,1016.7,
2024-01-29,22.6,15.2,30.4,0.0,,332.0,5.2,,1016.1,
2024-01-30,22.4,13.8,30.6,0.0,,328.0,6.1,,1015.2,
2024-01-31,22.1,14.8,30.7,0.0,,279.0,8.5,,1014.8,
2024-02-01,20.2,12.6,29.0,0.0,,280.0,6.7,,1015.7,
2024-02-02,20.8,13.8,29.0,0.0,,59.0,6.4,,1016.1,
2024-02-03,22.1,13.6,30.6,0.0,,62.0,7.0,,1016.2,
2024-02-04,24.1,15.0,32.4,0.0,,26.0,5.5,,1016.6,
2024-02-05,24.9,17.4,34.4,0.0,,291.0,5.7,,1016.3,
2024-02-06,25.1,16.8,34.1,0.0,,314.0,5.6,,1016.1,
2024-02-07,24.9,17.0,34.2,0.0,,301.0,5.6,,1016.6,
2024-02-08,23.3,15.2,32.0,0.0,,26.0,5.9,,1016.1,
2024-02-09,23.7,14.4,33.1,0.0,,319.0,6.3,,1015.3,
2024-02-10,23.4,14.0,34.6,0.0,,309.0,6.3,,1016.1,
2024-02-11,22.8,13.0,32.8,0.0,,329.0,8.6,,1016.5,
2024-02-12,23.2,14.0,32.8,0.0,,299.0,6.6,,1015.8,
2024-02-13,23.1,14.2,33.3,0.0,,283.0,6.8,,1015.5,
2024-02-14,23.2,14.6,31.9,0.0,,0.0,6.2,,1015.3,
2024-02-15,24.2,15.0,32.7,0.0,,71.0,7.0,,1014.5,
2024-02-16,25.0,17.4,33.9,0.0,,83.0,7.7,,1014.7,
2024-02-17,25.2,16.4,34.2,0.0,,353.0,5.4,,1013.6,
2024-02-18,25.2,16.2,33.6,0.0,,304.0,6.6,,1012.4,
2024-02-19,24.7,15.4,33.6,0.0,,295.0,6.9,,1013.1,
2024-02-20,24.1,13.8,33.8,0.0,,283.0,7.9,,1013.5,
2024-02-21,22.6,15.0,31.8,0.0,,280.0,9.8,,1013.1,
2024-02-22,21.9,14.0,31.2,0.0,,287.0,9.3,,1013.5,
2024-02-23,22.0,12.6,31.4,0.0,,303.0,6.6,,1013.5,
2024-02-24,22.7,13.4,32.8,0.0,,327.0,6.7,,1012.7,
2024-02-25,23.5,12.0,32.5,0.0,,63.0,6.9,,1012.0,
2024-02-26,25.1,15.4,33.8,0.0,,12.0,7.2,,1011.5,
2024-02-27,26.7,19.0,35.0,0.0,,319.0,6.8,,1012.6,
2024-02-28,26.5,18.4,33.8,0.0,,45.0,6.5,,1012.6,
2024-02-29,27.2,19.4,35.0,0.0,,81.0,9.0,,1012.4,
2024-03-01,27.0,20.9,35.2,0.3,,277.0,7.2,,1012.8,
2024-03-02,25.5,17.7,33.5,2.0,,264.0,9.4,,1012.9,
2024-03-03,24.4,16.8,30.6,0.0,,274.0,11.6,,1013.0,
2024-03-04,22.6,14.4,33.4,0.0,,307.0,7.7,,1013.2,
2024-03-05,23.9,14.2,34.3,0.0,,317.0,6.7,,1013.2,
2024-03-06,24.1,15.6,34.4,0.0,,284.0,7.4,,1013.0,
2024-03-07,24.6,11.8,34.2,0.0,,349.0,6.3,,1012.7,
2024-03-08,26.6,16.0,34.6,0.0,,35.0,7.4,,1012.8,
2024-03-09,26.4,15.4,34.6,0.0,,8.0,6.9,,1012.9,
2024-03-10,26.3,16.0,35.7,0.0,,322.0,6.5,,1013.6,
2024-03-11,26.7,16.4,35.8,0.0,,349.0,7.3,,1015.0,
2024-03-12,27.4,17.8,35.8,0.0,,322.0,7.4,,1013.8,
2024-03-13,26.1,16.8,35.1,0.0,,289.0,7.7,,1013.1,
2024-03-14,25.7,16.4,35.0,0.0,,309.0,7.1,,1013.4,
2024-03-15,25.0,15.6,35.0,0.0,,286.0,7.4,,1012.5,
2024-03-16,25.8,16.4,34.6,0.0,,292.0,7.3,,1012.4,
2024-03-17,26.2,17.6,35.4,0.0,,285.0,7.6,,1012.3,
2024-03-18,25.9,16.6,34.4,0.0,,289.0,8.6,,1012.3,
2024-03-19,26.2,17.6,35.2,0.0,,292.0,8.1,,1012.1,
2024-03-20,26.5,15.8,35.5,0.0,,41.0,7.2,,1012.0,
2024-03-21,27.1,15.0,35.8,0.0,,55.0,8.3,,1011.0,
2024-03-22,27.3,18.4,36.4,0.0,,281.0,7.1,,1009.5,
2024-03-23,27.7,18.6,36.5,0.0,,305.0,6.5,,1009.6,
2024-03-24,28.3,19.0,36.4,0.0,,301.0,7.2,,1010.9,
2024-03-25,28.9,20.0,37.6,0.0,,295.0,7.3,,1011.3,
2024-03-26,29.4,20.0,38.0,0.0,,322.0,8.9,,1011.4,
2024-03-27,29.3,21.3,38.8,0.0,,250.0,8.7,,1012.7,
2024-03-28,29.8,22.8,38.1,0.0,,265.0,9.4,,1012.0,
2024-03-29,29.8,22.9,38.0,0.0,,264.0,10.0,,1011.2,
2024-03-30,29.8,22.9,37.3,0.0,,269.0,10.0,,1012.5,
2024-03-31,30.7,25.5,38.3,0.0,,308.0,10.2,,1013.2,
2024-04-01,30.5,24.3,38.6,0.0,,272.0,9.7,,1010.3,
2024-04-02,29.0,20.6,38.8,0.0,,277.0,9.8,,1009.1,
2024-04-03,28.7,20.4,38.4,0.0,,281.0,8.2,,1009.6,
2024-04-04,29.4,21.4,39.0,0.0,,293.0,8.3,,1010.1,
2024-04-05,29.9,20.4,38.8,0.0,,300.0,7.6,,1009.6,
2024-04-06,30.4,20.6,38.4,0.0,,347.0,8.8,,1008.6,
2024-04-07,29.3,21.8,38.2,0.0,,292.0,8.6,,1008.4,
2024-04-08,28.7,19.0,38.2,0.0,,309.0,7.6,,1009.0,
2024-04-09,29.2,20.8,38.4,0.0,,281.0,9.2,,1009.1,
2024-04-10,29.2,20.0,38.6,0.0,,291.0,8.3,,1009.1,
2024-04-11,29.7,20.6,38.4,0.0,,286.0,8.0,,1009.5,
2024-04-12,29.1,22.1,37.3,0.0,,252.0,9.7,,1009.6,
2024-04-13,28.3,18.8,38.6,0.0,,243.0,8.7,,1010.0,
2024-04-14,28.7,18.8,38.9,0.0,,318.0,6.8,,1010.5,
2024-04-15,31.0,23.4,39.9,0.0,,311.0,7.2,,1010.4,
2024-04-16,32.8,26.2,39.1,0.2,,6.0,9.6,,1010.0,
2024-04-17,32.5,27.4,39.7,0.0,,253.0,10.3,,1009.5,
2024-04-18,31.1,24.5,39.4,0.0,,274.0,10.3,,1009.3,
2024-04-19,31.1,25.0,39.5,0.0,,281.0,9.2,,1007.2,
2024-04-20,29.9,22.6,38.8,0.0,,290.0,8.1,,1007.9,
2024-04-21,29.4,21.6,37.6,0.0,,285.0,7.1,,1008.2,
2024-04-22,30.2,22.4,38.0,0.0,,291.0,7.0,,1008.5,
2024-04-23,30.2,22.2,38.7,0.0,,276.0,7.5,,1007.5,
2024-04-24,30.5,22.7,38.8,0.0,,275.0,7.0,,1006.9,
2024-04-25,30.5,23.0,38.5,0.1,,279.0,7.3,,1007.3,
2024-04-26,31.4,24.7,39.4,0.0,,291.0,7.1,,1007.1,
2024-04-27,32.1,24.5,39.9,0.0,,349.0,7.4,,1007.2,
2024-04-28,33.1,24.2,40.4,0.0,,1.0,8.3,,1007.0,
2024-04-29,33.1,24.0,41.4,0.0,,300.0,7.3,,1008.1,
2024-04-30,32.4,23.6,40.6,0.0,,289.0,9.4,,1007.1,
2024-05-01,30.3,23.6,37.9,0.0,,268.0,14.6,,1006.8,
2024-05-02,29.2,20.8,39.4,0.0,,271.0,9.5,,1006.3,
2024-05-03,29.1,19.2,38.7,0.0,,282.0,8.2,,1007.5,
2024-05-04,30.1,20.3,39.2,0.0,,282.0,9.3,,1008.1,
2024-05-05,30.4,22.2,40.2,0.0,,286.0,9.9,,1006.7,
2024-05-06,29.8,22.0,37.8,0.0,,276.0,10.4,,1007.5,
2024-05-07,28.7,20.7,39.2,0.0,,273.0,11.2,,1008.8,
2024-05-08,28.9,20.8,38.4,0.0,,279.0,9.6,,1008.2,
2024-05-09,28.8,21.8,38.6,0.2,,270.0,10.7,,1007.5,
2024-05-10,27.9,21.8,37.6,6.7,,292.0,7.7,,1009.1,
2024-05-11,28.3,20.6,37.0,2.7,,296.0,5.7,,1009.6,
2024-05-12,27.5,23.2,35.7,0.8,,315.0,5.2,,1010.2,
2024-05-13,27.7,23.7,35.8,0.3,,199.0,5.7,,1009.7,
2024-05-14,28.9,23.1,37.0,0.0,,27.0,6.6,,1009.4,
2024-05-15,29.8,21.4,36.8,0.0,,316.0,6.4,,1009.0,
2024-05-16,27.3,22.0,37.2,13.0,,314.0,7.0,,1009.4,
2024-05-17,29.2,23.3,36.9,3.0,,326.0,6.7,,1008.1,
2024-05-18,29.9,24.4,37.4,0.0,,316.0,6.4,,1006.1,
2024-05-19,29.5,23.8,38.4,0.0,,284.0,8.5,,1004.9,
2024-05-20,30.8,22.3,39.5,6.1,,270.0,9.0,,1004.4,
2024-05-21,32.6,25.7,41.0,0.3,,282.0,9.9,,1003.7,
2024-05-22,31.2,24.7,38.7,0.0,,276.0,8.0,,1003.9,
2024-05-23,31.3,25.7,38.7,0.0,,269.0,9.2,,1002.9,
2024-05-24,29.6,23.8,37.2,0.0,,266.0,12.4,,1002.4,
2024-05-25,28.1,23.1,35.6,0.0,,267.0,16.6,,1003.8,
2024-05-26,28.3,23.8,35.4,0.0,,270.0,16.7,,1004.7,
2024-05-27,26.7,23.9,30.4,0.0,,266.0,17.0,,1005.0,
2024-05-28,28.1,23.7,35.2,0.0,,267.0,18.8,,1004.7,
2024-05-29,27.8,23.2,35.2,0.0,,264.0,16.3,,1005.1,
2024-05-30,28.5,22.9,35.6,0.0,,269.0,15.2,,1006.0,
2024-05-31,28.9,23.4,36.2,0.1,,271.0,13.5,,1006.9,
2024-06-01,29.2,23.9,36.2,0.3,,269.0,12.2,,1006.6,
2024-06-02,29.2,24.1,35.8,0.3,,270.0,11.6,,1007.0,
2024-06-03,28.8,23.5,36.6,1.3,,260.0,9.7,,1007.4,
2024-06-04,27.1,22.8,35.4,0.0,,277.0,7.4,,1008.4,
2024-06-05,27.1,21.2,34.4,68.1,,274.0,9.0,,1008.5,
2024-06-06,27.8,24.2,34.0,8.9,,275.0,8.9,,1008.9,
2024-06-07,27.2,22.9,33.0,14.0,,309.0,8.3,,1007.2,
2024-06-08,26.1,22.4,34.0,0.0,,292.0,9.5,,1006.2,
2024-06-09,24.7,21.2,28.4,117.1,,287.0,8.9,,1006.1,
2024-06-10,25.2,21.6,30.2,13.0,,280.0,10.6,,1007.2,
2024-06-11,26.8,22.4,30.0,7.9,,266.0,11.7,,1007.5,
2024-06-12,27.4,24.2,31.8,0.0,,261.0,10.1,,1008.4,
2024-06-13,27.3,24.4,31.0,1.0,,258.0,10.6,,1008.1,
2024-06-14,26.6,23.9,29.8,0.0,,255.0,11.6,,1007.3,
2024-06-15,27.0,23.2,31.2,0.0,,249.0,10.8,,1006.6,
2024-06-16,27.3,22.7,32.6,0.5,,261.0,8.0,,1006.9,
2024-06-17,27.3,23.2,32.8,5.1,,261.0,8.4,,1007.1,
2024-06-18,27.1,22.6,30.6,0.8,,253.0,12.1,,1007.0,
2024-06-19,26.4,22.9,29.8,0.0,,252.0,14.2,,1005.2,
2024-06-20,26.2,23.1,31.2,0.0,,251.0,13.9,,1004.3,
2024-06-21,26.4,23.0,29.6,6.1,,256.0,14.0,,1004.7,
2024-06-22,27.7,23.1,32.0,0.8,,262.0,11.3,,1003.3,
2024-06-23,26.8,23.6,30.4,0.0,,253.0,10.1,,1002.3,
2024-06-24,27.7,23.4,32.2,0.5,,250.0,8.5,,1000.9,
2024-06-25,27.1,24.3,32.2,0.3,,227.0,12.9,,999.7,
2024-06-26,26.5,24.2,29.4,0.5,,235.0,14.3,,1000.1,
2024-06-27,25.6,23.5,28.4,0.5,,243.0,15.2,,1002.4,
2024-06-28,25.3,22.9,27.8,1.0,,238.0,17.1,,1003.5,
2024-06-29,25.9,23.2,28.4,5.1,,238.0,15.7,,1004.6,
2024-06-30,26.0,23.1,28.2,0.0,,242.0,15.1,,1005.0,
2024-07-01,26.2,22.8,29.4,2.0,,241.0,19.1,,1004.1,
2024-07-02,25.6,23.5,27.4,4.1,,249.0,15.4,,1003.7,
2024-07-03,26.9,23.4,29.8,13.0,,248.0,16.4,,1004.3,
2024-07-04,26.2,23.7,29.8,0.3,,249.0,14.9,,1005.5,
2024-07-05,26.1,23.4,27.6,0.8,,248.0,14.9,,1003.7,
2024-07-06,26.1,23.2,28.8,1.0,,249.0,16.4,,1002.6,
2024-07-07,26.1,22.3,29.0,2.0,,247.0,12.4,,1003.8,
2024-07-08,24.6,22.2,28.8,0.0,,252.0,9.6,,1004.1,
2024-07-09,24.7,21.2,28.6,16.0,,252.0,10.2,,1004.6,
2024-07-10,26.0,21.6,31.2,0.0,,250.0,12.4,,1007.3,
2024-07-11,25.4,21.4,29.6,0.0,,252.0,13.1,,1006.9,
2024-07-12,24.3,21.4,27.6,2.0,,252.0,12.9,,1005.1,
2024-07-13,24.3,22.3,26.0,0.0,,256.0,17.5,,1004.6,
2024-07-14,23.5,22.0,26.4,9.7,,264.0,13.9,,1002.9,
2024-07-15,24.6,22.3,29.6,3.6,,268.0,12.1,,1001.8,
2024-07-16,24.7,22.6,28.4,8.8,,258.0,12.6,,1001.6,
2024-07-17,25.0,22.9,28.0,0.0,,257.0,12.7,,1003.3,
2024-07-18,24.5,23.2,26.2,6.1,,259.0,15.2,,1003.8,
2024-07-19,25.0,22.9,26.4,2.0,,257.0,16.5,,1002.0,
2024-07-20,24.5,22.7,25.8,0.0,,254.0,16.4,,1002.8,
2024-07-21,24.2,22.8,27.2,6.4,,257.0,17.3,,1003.0,
2024-07-22,24.1,22.8,25.0,5.1,,255.0,17.6,,1004.9,
2024-07-23,24.2,22.9,26.4,10.9,,254.0,18.7,,1005.5,
2024-07-24,23.7,22.2,25.0,39.9,,257.0,19.4,,1003.1,
2024-07-25,22.5,21.6,23.4,114.0,,267.0,18.3,,1002.5,
2024-07-26,24.9,21.5,27.2,55.9,,260.0,17.5,,1003.5,
2024-07-27,24.6,23.2,25.4,2.0,,261.0,19.6,,1004.0,
2024-07-28,24.2,23.1,25.4,3.0,,260.0,17.9,,1002.0,
2024-07-29,24.5,22.8,26.4,8.9,,260.0,15.3,,1001.0,
2024-07-30,24.5,22.2,27.3,7.1,,263.0,12.0,,1004.5,
2024-07-31,24.8,23.2,27.3,29.0,,258.0,12.9,,1006.5,
2024-08-01,24.8,22.7,27.4,2.0,,257.0,14.3,,1006.4,
2024-08-02,23.8,22.4,25.3,10.9,,252.0,16.3,,1005.9,
2024-08-03,24.1,22.8,25.0,16.0,,253.0,17.0,,1006.2,
2024-08-04,23.8,22.2,24.9,16.0,,254.0,17.7,,1006.7,
2024-08-05,24.6,22.9,26.4,39.1,,253.0,15.9,,1007.5,
2024-08-06,24.7,22.4,27.0,5.1,,256.0,13.5,,1007.6,
2024-08-07,24.7,22.5,27.0,0.0,,260.0,13.3,,1007.6,
2024-08-08,25.0,22.6,27.8,2.0,,263.0,12.3,,1008.5,
2024-08-09,24.1,22.1,26.4,4.1,,263.0,10.9,,1009.4,
2024-08-10,24.7,21.8,27.8,0.8,,264.0,11.5,,1009.4,
2024-08-11,24.9,21.7,28.0,0.5,,263.0,12.4,,1007.7,
2024-08-12,24.1,21.6,27.9,1.8,,255.0,13.6,,1008.0,
2024-08-13,26.2,21.4,31.0,0.8,,272.0,7.8,,1007.8,
2024-08-14,26.4,22.0,30.6,0.0,,273.0,7.8,,1007.7,
2024-08-15,25.3,21.1,30.2,0.1,,277.0,8.2,,1006.6,
2024-08-16,25.3,21.0,31.2,1.4,,268.0,8.1,,1005.7,
2024-08-17,25.3,21.1,31.4,2.5,,289.0,5.3,,1006.9,
2024-08-18,25.2,23.0,32.6,18.3,,340.0,4.5,,1007.6,
2024-08-19,25.0,22.3,31.8,4.0,,308.0,3.9,,1006.9,
2024-08-20,25.1,22.0,29.5,1.5,,311.0,4.4,,1006.4,
2024-08-21,26.2,22.5,30.6,0.5,,335.0,4.5,,1006.8,
2024-08-22,26.7,23.1,32.4,2.0,,324.0,3.7,,1006.1,
2024-08-23,25.5,22.9,29.0,7.1,,256.0,9.4,,1006.9,
2024-08-24,23.4,22.2,25.0,9.9,,258.0,11.1,,1007.5,
2024-08-25,23.4,21.2,24.8,34.0,,258.0,16.7,,1006.5,
2024-08-26,23.7,22.0,27.0,11.9,,243.0,16.3,,1005.5,
2024-08-27,23.7,21.4,25.1,15.0,,237.0,16.7,,1006.5,
2024-08-28,25.1,21.4,,6.1,,,,,,
2024-08-29,25.1,22.1,,1.0,,,,,,
2024-08-30,24.4,21.5,,1.0,,,,,,
2024-08-31,25.2,21.5,,6.1,,,,,,
2024-09-01,24.8,22.3,,1.0,,,,,,
2024-09-02,24.1,22.5,,2.0,,,,,,
2024-09-03,25.1,22.9,,1.0,,,,,,
2024-09-04,25.1,,,0.0,,,,,,
2024-09-05,24.9,22.2,28.4,6.1,,259.0,13.2,,1006.9,
2024-09-06,24.6,22.1,27.8,6.1,,267.0,13.3,,1007.8,
2024-09-07,24.8,22.0,27.6,0.5,,262.0,12.2,,1008.5,
2024-09-08,24.8,21.7,28.4,0.5,,265.0,10.7,,1008.5,
2024-09-09,25.2,21.8,29.4,2.0,,267.0,10.2,,1006.2,
2024-09-10,24.3,22.0,28.2,0.5,,264.0,10.9,,1005.5,
2024-09-11,24.5,21.3,28.8,2.0,,255.0,11.6,,1006.5,
2024-09-12,24.3,21.8,27.8,0.3,,255.0,13.8,,1008.4,
2024-09-13,24.4,19.9,28.6,0.3,,254.0,14.1,,1009.1,
2024-09-14,24.1,19.2,28.2,0.0,,261.0,11.5,,1008.6,
2024-09-15,23.4,20.8,25.7,0.0,,266.0,11.3,,1009.1,
2024-09-16,23.7,19.4,29.4,0.0,,274.0,8.5,,1009.7,
2024-09-17,23.4,18.7,29.6,1.4,,274.0,9.4,,1009.6,
2024-09-18,23.4,19.0,30.4,0.0,,267.0,8.4,,1007.9,
2024-09-19,23.9,18.9,31.4,0.0,,267.0,7.1,,1008.3,
2024-09-20,24.6,20.3,31.6,1.1,,269.0,7.0,,1008.5,
2024-09-21,24.7,21.8,28.8,7.4,,275.0,8.0,,1009.2,
2024-09-22,25.8,21.3,29.6,0.5,,288.0,7.9,,1008.5,
2024-09-23,26.0,22.0,29.4,17.0,,306.0,6.1,,1007.3,
2024-09-24,24.7,22.5,29.6,5.1,,304.0,5.4,,1005.7,
2024-09-25,25.0,22.9,29.0,20.1,,276.0,6.1,,1005.0,
2024-09-26,24.1,22.2,27.0,133.1,,251.0,13.3,,1004.6,
2024-09-27,24.5,22.4,26.2,6.1,,252.0,16.1,,1006.1,
2024-09-28,24.6,21.8,27.2,4.1,,257.0,12.4,,1009.0,
2024-09-29,26.2,21.3,29.8,2.0,,270.0,8.1,,1011.1,
2024-09-30,25.5,20.4,30.6,0.0,,293.0,4.7,,1011.1,
2024-10-01,25.9,21.5,32.6,0.0,,326.0,4.3,,1009.2,
2024-10-02,25.4,21.2,32.6,5.2,,272.0,5.8,,1010.0,
2024-10-03,25.1,21.4,31.0,1.6,,263.0,8.6,,1010.1,
2024-10-04,24.4,20.4,31.4,1.0,,268.0,7.5,,1010.3,
2024-10-05,24.4,19.8,32.0,0.0,,288.0,5.1,,1010.6,
2024-10-06,24.6,20.3,31.8,0.8,,67.0,6.1,,1010.9,
2024-10-07,25.6,20.2,32.2,0.0,,73.0,7.2,,1011.4,
2024-10-08,25.2,21.4,31.2,2.5,,63.0,5.4,,1011.7,
2024-10-09,25.5,21.5,29.8,0.0,,62.0,6.0,,1010.0,
2024-10-10,26.2,21.5,30.0,2.0,,83.0,8.9,,1008.5,
2024-10-11,25.6,21.0,30.4,0.0,,97.0,11.2,,1008.2,
2024-10-12,26.3,21.4,30.8,23.1,,70.0,8.1,,1009.1,
2024-10-13,26.6,22.5,31.4,0.0,,77.0,6.6,,1010.0,
2024-10-14,27.0,22.4,32.8,0.0,,67.0,6.4,,1010.5,
2024-10-15,26.4,22.2,31.4,0.0,,60.0,5.1,,1010.7,
2024-10-16,26.6,22.0,30.8,5.1,,38.0,5.7,,1010.2,
2024-10-17,26.5,23.3,31.4,2.0,,74.0,7.7,,1009.3,
2024-10-18,26.8,23.2,30.0,0.3,,82.0,8.7,,1009.2,
2024-10-19,26.2,23.3,32.6,0.0,,84.0,5.5,,1011.2,
2024-10-20,25.5,20.5,30.6,20.1,,72.0,5.1,,1012.3,
2024-10-21,25.1,20.9,30.4,1.0,,75.0,5.9,,1012.4,
2024-10-22,26.4,21.5,32.0,0.0,,52.0,5.1,,1012.2,
2024-10-23,26.0,21.7,32.2,6.1,,55.0,5.2,,1011.9,
2024-10-24,25.3,20.2,32.0,0.0,,53.0,5.6,,1011.6,
2024-10-25,23.9,19.4,31.6,0.0,,356.0,5.0,,1011.7,
2024-10-26,23.8,17.6,32.2,0.0,,59.0,5.7,,1011.8,
2024-10-27,24.0,17.5,33.2,0.0,,292.0,5.2,,1010.3,
2024-10-28,24.6,18.6,33.2,0.0,,318.0,4.8,,1008.9,
2024-10-29,24.2,18.5,32.8,0.0,,315.0,5.2,,1010.0,
2024-10-30,24.5,19.5,32.2,0.0,,39.0,4.6,,1011.1,
2024-10-31,25.2,20.4,32.2,2.4,,38.0,6.2,,1012.0,
2024-11-01,25.2,20.6,32.2,0.1,,44.0,5.5,,1013.1,
2024-11-02,24.6,20.3,32.0,0.0,,52.0,6.2,,1013.7,
2024-11-03,24.0,18.2,32.0,0.0,,65.0,6.5,,1013.6,
2024-11-04,23.9,18.4,31.2,0.0,,84.0,6.7,,1012.7,
2024-11-05,23.8,18.5,31.0,0.0,,41.0,6.0,,1013.3,
2024-11-06,23.5,17.4,31.8,0.0,,31.0,5.5,,1014.0,
2024-11-07,23.3,16.8,31.2,0.0,,54.0,6.4,,1013.9,
2024-11-08,23.1,16.8,30.6,0.0,,61.0,7.2,,1013.6,
2024-11-09,23.2,16.8,30.4,0.0,,67.0,6.5,,1013.6,
2024-11-10,22.9,16.6,29.2,0.0,,53.0,6.3,,1013.8,
2024-11-11,22.7,16.8,29.4,0.0,,71.0,7.8,,1013.5,
2024-11-12,22.3,16.2,29.4,0.0,,67.0,7.4,,1012.9,
2024-11-13,22.6,15.6,30.4,0.0,,67.0,7.5,,1011.7,
2024-11-14,23.9,15.6,30.9,0.0,,73.0,7.1,,1012.5,
2024-11-15,25.0,20.4,30.2,2.7,,79.0,5.5,,1013.2,
2024-11-16,25.4,21.5,30.6,0.1,,69.0,6.3,,1012.2,
2024-11-17,24.8,19.4,30.6,0.0,,70.0,7.8,,1012.4,
2024-11-18,22.6,16.8,28.6,0.0,,77.0,10.6,,1013.9,
2024-11-19,21.5,16.0,27.9,0.0,,76.0,8.9,,1014.7,
2024-11-20,21.0,15.2,27.3,0.0,,93.0,9.3,,1014.2,
2024-11-21,21.1,15.1,28.1,0.0,,84.0,8.0,,1013.8,
2024-11-22,20.9,13.6,29.0,0.0,,29.0,4.7,,1013.0,
2024-11-23,21.0,13.8,29.0,0.0,,340.0,3.8,,1013.8,
2024-11-24,21.0,13.8,28.4,0.0,,42.0,4.6,,1014.1,
2024-11-25,20.3,13.6,27.6,0.0,,68.0,7.4,,1014.0,
2024-11-26,19.8,11.8,27.2,0.0,,61.0,7.8,,1013.8,
2024-11-27,19.6,11.4,27.6,0.0,,73.0,7.4,,1013.2,
2024-11-28,19.4,10.6,27.8,0.0,,67.0,10.4,,1013.2,
2024-11-29,18.8,10.6,26.6,0.0,,64.0,8.0,,1013.3,
2024-11-30,19.7,10.8,28.4,0.0,,47.0,5.0,,1011.8,
2024-12-01,21.6,14.2,28.3,0.0,,58.0,7.2,,1010.1,
2024-12-02,23.7,18.6,28.3,0.0,,57.0,7.9,,1009.3,
2024-12-03,24.7,20.2,29.4,0.4,,73.0,10.1,,1010.8,
2024-12-04,24.9,20.9,29.6,0.5,,80.0,9.1,,1011.8,
2024-12-05,25.7,19.9,31.6,0.0,,36.0,4.3,,1012.4,
2024-12-06,25.2,20.1,32.0,0.0,,23.0,4.1,,1012.3,
2024-12-07,24.4,19.1,32.6,0.0,,293.0,4.1,,1011.5,
2024-12-08,22.7,17.2,31.4,0.0,,282.0,5.4,,1011.5,
2024-12-09,21.0,13.0,29.3,0.0,,26.0,4.0,,1012.3,
2024-12-10,,,,,,,,,,
2024-12-11,,,,,,,,,,
2024-12-12,21.3,14.4,29.2,0.0,,39.0,4.8,,1012.9,
2024-12-13,20.4,14.0,28.0,0.0,,64.0,7.3,,1013.7,
2024-12-14,19.4,11.8,27.2,0.0,,66.0,7.2,,1015.3,
2024-12-15,19.1,10.6,29.2,0.0,,52.0,5.6,,1016.2,
2024-12-16,18.8,9.6,28.8,0.0,,48.0,5.5,,1015.0,
2024-12-17,19.0,8.8,29.2,0.0,,36.0,4.7,,1013.4,
2024-12-18,18.8,10.2,28.2,0.0,,350.0,4.1,,1012.8,
2024-12-19,19.6,10.2,31.4,0.0,,293.0,3.6,,1012.1,
2024-12-20,21.0,13.6,29.8,0.0,,297.0,4.2,,1011.5,
2024-12-21,21.5,14.8,29.6,0.0,,272.0,5.5,,1011.6,
2024-12-22,21.3,16.6,29.6,0.0,,269.0,6.8,,1012.4,
2024-12-23,20.7,16.2,27.1,0.0,,284.0,6.1,,1012.4,
2024-12-24,21.3,16.8,28.0,0.0,,26.0,5.5,,1012.7,
2024-12-25,22.5,17.1,29.1,0.0,,28.0,5.4,,1013.6,
2024-12-26,22.9,18.7,29.6,0.0,,48.0,5.8,,1015.3,
2024-12-27,22.7,17.4,29.0,0.1,,82.0,6.6,,1015.6,
2024-12-28,23.1,18.0,30.4,1.1,,303.0,5.9,,1015.6,
2024-12-29,23.2,17.8,29.6,0.0,,18.0,4.8,,1015.8,
2024-12-30,23.1,18.1,30.2,0.0,,34.0,5.2,,1016.1,
2024-12-31,22.8,16.6,31.0,0.0,,54.0,5.2,,1016.2,
2025-01-01,22.3,16.0,29.3,0.0,,63.0,6.5,,1015.2,
2025-01-02,22.1,14.8,30.8,0.0,,57.0,6.6,,1015.2,
2025-01-03,21.2,12.8,29.4,0.0,,67.0,7.6,,1015.4,
2025-01-04,20.9,11.2,29.8,0.0,,64.0,6.3,,1014.0,
2025-01-05,21.0,12.2,30.2,0.0,,319.0,3.2,,1013.4,
2025-01-06,21.4,15.0,30.6,0.0,,294.0,4.4,,1013.0,
2025-01-07,20.8,13.4,28.7,0.0,,44.0,5.5,,1013.8,
2025-01-08,20.6,14.0,28.4,0.0,,64.0,6.6,,1013.9,
2025-01-09,20.3,12.6,28.0,0.0,,70.0,7.9,,1014.3,
2025-01-10,20.4,12.2,28.3,0.0,,348.0,4.7,,1015.3,
2025-01-11,21.2,14.8,29.4,0.0,,292.0,4.8,,1014.7,
2025-01-12,21.8,15.6,29.2,0.0,,311.0,4.0,,1014.4,
2025-01-13,22.6,17.1,29.7,0.0,,73.0,7.0,,1013.7,
2025-01-14,23.0,16.4,30.1,0.0,,65.0,6.3,,1013.8,
2025-01-15,23.3,17.0,30.2,0.0,,140.0,7.0,,1014.6,
2025-01-16,23.4,17.2,30.6,0.0,,6.0,4.5,,1014.6,
2025-01-17,22.7,16.4,29.3,0.0,,66.0,7.8,,1014.2,
2025-01-18,21.9,14.4,28.6,0.0,,82.0,8.8,,1014.0,
2025-01-19,21.9,13.4,30.0,0.0,,59.0,6.7,,1014.5,
2025-01-20,22.1,13.8,30.3,0.0,,43.0,5.8,,1013.8,
2025-01-21,22.4,13.8,31.0,0.0,,1.0,3.9,,1012.4,
2025-01-22,22.9,14.8,31.6,0.0,,352.0,3.8,,1012.0,
2025-01-23,23.1,14.8,31.8,0.0,,46.0,3.8,,1011.7,
2025-01-24,23.7,15.2,32.2,0.0,,36.0,4.4,,1011.3,
2025-01-25,24.4,16.6,33.4,0.0,,38.0,4.1,,1012.2,
2025-01-26,24.1,15.6,33.0,0.0,,65.0,5.7,,1012.3,
2025-01-27,24.1,14.6,32.8,0.0,,305.0,3.9,,1011.7,
2025-01-28,24.4,16.2,33.4,0.0,,279.0,4.2,,1011.1,
2025-01-29,24.6,16.8,34.0,0.0,,308.0,4.1,,1012.5,
2025-01-30,24.5,15.8,34.2,0.0,,254.0,5.1,,1011.6,
2025-01-31,24.1,16.2,33.6,0.0,,273.0,4.9,,1010.9,
2025-02-01,23.5,16.4,33.0,0.0,,279.0,5.2,,1011.8,
2025-02-02,24.3,16.0,33.2,0.0,,16.0,4.4,,1012.2,
2025-02-03,24.5,16.4,33.6,0.0,,244.0,5.5,,1012.4,
2025-02-04,24.3,17.0,33.8,0.0,,281.0,5.3,,1013.0,
2025-02-05,23.9,15.6,32.1,0.0,,35.0,6.0,,1012.3,
2025-02-06,24.3,15.6,32.7,0.0,,45.0,5.5,,1011.9,
2025-02-07,24.9,17.0,32.9,0.0,,68.0,4.8,,1013.2,
2025-02-08,25.2,17.4,33.4,0.0,,348.0,5.0,,1013.1,
2025-02-09,25.9,17.8,33.4,0.0,,342.0,4.8,,1012.3,
2025-02-10,26.1,19.4,33.6,0.0,,280.0,6.2,,1013.2,
2025-02-11,25.5,17.0,33.8,0.0,,294.0,5.6,,1013.8,
2025-02-12,25.0,16.2,34.0,0.0,,308.0,4.8,,1014.0,
2025-02-13,24.3,13.8,33.7,0.0,,48.0,4.9,,1014.1,
2025-02-14,24.6,14.4,32.8,0.0,,65.0,5.5,,1013.8,
2025-02-15,25.2,14.0,34.0,0.0,,25.0,5.4,,1012.8,
2025-02-16,25.4,14.4,35.0,0.0,,302.0,4.9,,1012.8,
2025-02-17,25.3,14.2,34.7,0.0,,342.0,4.6,,1013.3,
2025-02-18,25.8,15.6,34.8,0.0,,6.0,5.4,,1013.3,
2025-02-19,25.6,16.2,35.0,0.0,,314.0,5.8,,1012.2,
2025-02-20,25.3,15.8,33.8,0.0,,4.0,5.1,,1012.7,
2025-02-21,25.7,15.8,33.6,0.0,,26.0,6.5,,1014.3,
2025-02-22,26.1,16.4,34.8,0.0,,45.0,6.9,,1014.9,
2025-02-23,25.9,16.2,34.6,0.0,,28.0,5.7,,1015.0,
2025-02-24,25.5,15.2,34.6,0.0,,73.0,6.1,,1015.1,
2025-02-25,25.6,15.6,34.0,0.0,,64.0,6.4,,1015.8,
2025-02-26,25.5,16.4,33.5,0.0,,60.0,6.1,,1015.9,
2025-02-27,26.2,17.0,34.3,0.0,,62.0,6.4,,1014.3,
2025-02-28,27.0,18.2,34.8,0.0,,330.0,5.6,,1012.6,
2025-03-01,27.3,18.8,35.8,0.0,,263.0,5.4,,1012.3,
2025-03-02,27.1,18.6,35.0,0.0,,322.0,6.2,,1011.1,
2025-03-03,27.9,18.4,36.6,0.0,,343.0,6.3,,1011.4,
2025-03-04,27.6,16.8,35.8,0.0,,30.0,5.9,,1012.0,
2025-03-05,26.6,18.2,34.6,0.0,,55.0,6.1,,1012.6,
2025-03-06,25.7,15.0,35.2,0.0,,35.0,4.8,,1013.3,
2025-03-07,25.9,14.4,35.0,0.0,,70.0,5.2,,1011.5,
2025-03-08,26.9,15.2,37.4,0.0,,292.0,5.4,,1009.3,
2025-03-09,27.4,16.0,36.0,0.0,,61.0,5.8,,1009.7,
2025-03-10,27.8,17.4,36.2,0.0,,83.0,7.3,,1011.9,
2025-03-11,28.0,18.8,35.7,0.0,,60.0,7.6,,1012.7,
2025-03-12,28.8,19.6,37.0,0.0,,36.0,5.2,,1010.9,
2025-03-13,29.1,19.6,37.8,0.0,,253.0,7.3,,1009.8,
2025-03-14,29.0,19.6,37.8,0.0,,303.0,6.7,,1010.2,
2025-03-15,,,,,,,,,,
2025-03-16,,,,,,,,,,
2025-03-17,,,,,,,,,,
2025-03-18,,,,,,,,,,
2025-03-19,,,,,,,,,,
2025-03-20,,,,,,,,,,
2025-03-21,,,,,,,,,,
2025-03-22,26.6,17.0,35.4,0.0,,283.0,6.2,,1012.6,
2025-03-23,27.3,18.4,36.6,0.0,,340.0,7.4,,1012.7,
2025-03-24,28.5,19.4,37.0,0.0,,103.0,7.2,,1012.2,
2025-03-25,28.4,19.6,37.2,0.0,,307.0,6.7,,1009.7,
2025-03-26,28.2,21.1,37.8,0.0,,274.0,8.5,,1008.3,
2025-03-27,27.5,20.3,35.6,0.0,,289.0,9.5,,1009.4,
2025-03-28,28.2,19.2,37.1,0.0,,327.0,6.8,,1008.5,
2025-03-29,29.9,21.8,37.5,0.0,,9.0,7.5,,1007.8,
2025-03-30,30.4,24.0,39.0,0.0,,16.0,7.1,,1008.1,
2025-03-31,30.7,22.2,38.2,0.0,,300.0,6.9,,1008.3,
